[{"model": "contenttypes.contenttype", "pk": 1, "fields": {"app_label": "admin", "model": "logentry"}}, {"model": "contenttypes.contenttype", "pk": 2, "fields": {"app_label": "auth", "model": "permission"}}, {"model": "contenttypes.contenttype", "pk": 3, "fields": {"app_label": "auth", "model": "group"}}, {"model": "contenttypes.contenttype", "pk": 4, "fields": {"app_label": "auth", "model": "user"}}, {"model": "contenttypes.contenttype", "pk": 5, "fields": {"app_label": "contenttypes", "model": "contenttype"}}, {"model": "contenttypes.contenttype", "pk": 6, "fields": {"app_label": "sessions", "model": "session"}}, {"model": "contenttypes.contenttype", "pk": 7, "fields": {"app_label": "blog", "model": "blog"}}, {"model": "contenttypes.contenttype", "pk": 8, "fields": {"app_label": "blog", "model": "blogtype"}}, {"model": "contenttypes.contenttype", "pk": 9, "fields": {"app_label": "reading_statistics", "model": "readnum"}}, {"model": "contenttypes.contenttype", "pk": 10, "fields": {"app_label": "reading_statistics", "model": "readdetail"}}, {"model": "contenttypes.contenttype", "pk": 11, "fields": {"app_label": "comment", "model": "comment"}}, {"model": "contenttypes.contenttype", "pk": 12, "fields": {"app_label": "likes", "model": "likecount"}}, {"model": "contenttypes.contenttype", "pk": 13, "fields": {"app_label": "likes", "model": "likerecord"}}, {"model": "contenttypes.contenttype", "pk": 14, "fields": {"app_label": "user", "model": "profile"}}, {"model": "sessions.session", "pk": "o5wuxcdmkb676m4rzcre83txb0ci1j16", "fields": {"session_data": "NTgxNDcxMmQxMGI4YmRjOTg3YWIyMmM1NDM0Njc2MmFhOWQ0ZDVjZTp7ImJpbmRfZW1haWxfdGltZSI6MTUzMjY4MTEyNywiX2F1dGhfdXNlcl9pZCI6IjIiLCJfYXV0aF91c2VyX2JhY2tlbmQiOiJkamFuZ28uY29udHJpYi5hdXRoLmJhY2tlbmRzLk1vZGVsQmFja2VuZCIsIl9hdXRoX3VzZXJfaGFzaCI6IjEwYTI3ZTM5NTcxOTU1ODg2NWE2YjVjNDJmYmIwMDE4YjdkYzZkNDIifQ==", "expire_date": "2018-08-10T08:45:59.589Z"}}, {"model": "sessions.session", "pk": "vp9j5lvti69yr8p6jvdcph2j8idq34wq", "fields": {"session_data": "ZDUxMmVhZDhjNjMwYTA0NjM3MWQ5Y2Y5MzcyZWMwNTg5YzM5ZmE0NTp7Il9hdXRoX3VzZXJfaWQiOiIxIiwiX2F1dGhfdXNlcl9iYWNrZW5kIjoiZGphbmdvLmNvbnRyaWIuYXV0aC5iYWNrZW5kcy5Nb2RlbEJhY2tlbmQiLCJfYXV0aF91c2VyX2hhc2giOiIwNmZkNmVlMzBiNGE3YmUzNzJkODUyMTk5OTg1YTdkNDk3MmM1MTMxIn0=", "expire_date": "2018-05-07T08:19:19.940Z"}}, {"model": "blog.blogtype", "pk": 1, "fields": {"type_name": "\u6280\u672f"}}, {"model": "blog.blogtype", "pk": 2, "fields": {"type_name": "\u6e38\u620f"}}, {"model": "blog.blogtype", "pk": 3, "fields": {"type_name": "\u968f\u7b14"}}, {"model": "blog.blogtype", "pk": 4, "fields": {"type_name": "\u5176\u4ed6"}}, {"model": "reading_statistics.readnum", "pk": 1, "fields": {"read_num": 9, "content_type": 7, "object_id": 30}}, {"model": "reading_statistics.readnum", "pk": 2, "fields": {"read_num": 5, "content_type": 7, "object_id": 34}}, {"model": "reading_statistics.readnum", "pk": 3, "fields": {"read_num": 7, "content_type": 7, "object_id": 32}}, {"model": "reading_statistics.readnum", "pk": 4, "fields": {"read_num": 8, "content_type": 7, "object_id": 33}}, {"model": "reading_statistics.readnum", "pk": 5, "fields": {"read_num": 6, "content_type": 7, "object_id": 1}}, {"model": "reading_statistics.readnum", "pk": 6, "fields": {"read_num": 6, "content_type": 7, "object_id": 29}}, {"model": "reading_statistics.readnum", "pk": 7, "fields": {"read_num": 6, "content_type": 7, "object_id": 28}}, {"model": "reading_statistics.readnum", "pk": 8, "fields": {"read_num": 6, "content_type": 7, "object_id": 27}}, {"model": "reading_statistics.readnum", "pk": 9, "fields": {"read_num": 7, "content_type": 7, "object_id": 31}}, {"model": "reading_statistics.readnum", "pk": 10, "fields": {"read_num": 6, "content_type": 7, "object_id": 24}}, {"model": "reading_statistics.readnum", "pk": 11, "fields": {"read_num": 6, "content_type": 7, "object_id": 23}}, {"model": "reading_statistics.readnum", "pk": 12, "fields": {"read_num": 6, "content_type": 7, "object_id": 22}}, {"model": "reading_statistics.readnum", "pk": 13, "fields": {"read_num": 6, "content_type": 7, "object_id": 21}}, {"model": "reading_statistics.readnum", "pk": 14, "fields": {"read_num": 6, "content_type": 7, "object_id": 26}}, {"model": "reading_statistics.readnum", "pk": 15, "fields": {"read_num": 6, "content_type": 7, "object_id": 25}}, {"model": "reading_statistics.readnum", "pk": 16, "fields": {"read_num": 6, "content_type": 7, "object_id": 20}}, {"model": "reading_statistics.readnum", "pk": 17, "fields": {"read_num": 5, "content_type": 7, "object_id": 4}}, {"model": "reading_statistics.readnum", "pk": 18, "fields": {"read_num": 5, "content_type": 7, "object_id": 3}}, {"model": "reading_statistics.readnum", "pk": 19, "fields": {"read_num": 6, "content_type": 7, "object_id": 2}}, {"model": "reading_statistics.readnum", "pk": 20, "fields": {"read_num": 5, "content_type": 7, "object_id": 8}}, {"model": "reading_statistics.readnum", "pk": 21, "fields": {"read_num": 5, "content_type": 7, "object_id": 6}}, {"model": "reading_statistics.readnum", "pk": 22, "fields": {"read_num": 5, "content_type": 7, "object_id": 13}}, {"model": "reading_statistics.readnum", "pk": 23, "fields": {"read_num": 5, "content_type": 7, "object_id": 12}}, {"model": "reading_statistics.readnum", "pk": 24, "fields": {"read_num": 5, "content_type": 7, "object_id": 17}}, {"model": "reading_statistics.readnum", "pk": 25, "fields": {"read_num": 5, "content_type": 7, "object_id": 16}}, {"model": "reading_statistics.readnum", "pk": 26, "fields": {"read_num": 5, "content_type": 7, "object_id": 19}}, {"model": "reading_statistics.readnum", "pk": 27, "fields": {"read_num": 5, "content_type": 7, "object_id": 18}}, {"model": "reading_statistics.readnum", "pk": 28, "fields": {"read_num": 4, "content_type": 7, "object_id": 15}}, {"model": "reading_statistics.readnum", "pk": 29, "fields": {"read_num": 4, "content_type": 7, "object_id": 14}}, {"model": "reading_statistics.readnum", "pk": 30, "fields": {"read_num": 4, "content_type": 7, "object_id": 11}}, {"model": "reading_statistics.readnum", "pk": 31, "fields": {"read_num": 4, "content_type": 7, "object_id": 10}}, {"model": "reading_statistics.readnum", "pk": 32, "fields": {"read_num": 4, "content_type": 7, "object_id": 9}}, {"model": "reading_statistics.readnum", "pk": 33, "fields": {"read_num": 4, "content_type": 7, "object_id": 7}}, {"model": "reading_statistics.readnum", "pk": 34, "fields": {"read_num": 4, "content_type": 7, "object_id": 5}}, {"model": "reading_statistics.readnum", "pk": 35, "fields": {"read_num": 1, "content_type": 7, "object_id": 35}}, {"model": "reading_statistics.readnum", "pk": 36, "fields": {"read_num": 5, "content_type": 7, "object_id": 36}}, {"model": "reading_statistics.readdetail", "pk": 2, "fields": {"read_num": 1, "date": "2018-05-07", "content_type": 7, "object_id": 20}}, {"model": "reading_statistics.readdetail", "pk": 3, "fields": {"read_num": 1, "date": "2018-05-07", "content_type": 7, "object_id": 4}}, {"model": "reading_statistics.readdetail", "pk": 4, "fields": {"read_num": 1, "date": "2018-05-07", "content_type": 7, "object_id": 3}}, {"model": "reading_statistics.readdetail", "pk": 5, "fields": {"read_num": 1, "date": "2018-05-07", "content_type": 7, "object_id": 2}}, {"model": "reading_statistics.readdetail", "pk": 6, "fields": {"read_num": 1, "date": "2018-05-07", "content_type": 7, "object_id": 8}}, {"model": "reading_statistics.readdetail", "pk": 7, "fields": {"read_num": 1, "date": "2018-05-07", "content_type": 7, "object_id": 6}}, {"model": "reading_statistics.readdetail", "pk": 8, "fields": {"read_num": 1, "date": "2018-05-07", "content_type": 7, "object_id": 13}}, {"model": "reading_statistics.readdetail", "pk": 9, "fields": {"read_num": 1, "date": "2018-05-09", "content_type": 7, "object_id": 12}}, {"model": "reading_statistics.readdetail", "pk": 11, "fields": {"read_num": 1, "date": "2018-05-14", "content_type": 7, "object_id": 17}}, {"model": "reading_statistics.readdetail", "pk": 12, "fields": {"read_num": 1, "date": "2018-05-14", "content_type": 7, "object_id": 16}}, {"model": "reading_statistics.readdetail", "pk": 14, "fields": {"read_num": 1, "date": "2018-05-19", "content_type": 7, "object_id": 33}}, {"model": "reading_statistics.readdetail", "pk": 15, "fields": {"read_num": 1, "date": "2018-05-22", "content_type": 7, "object_id": 2}}, {"model": "reading_statistics.readdetail", "pk": 16, "fields": {"read_num": 1, "date": "2018-05-23", "content_type": 7, "object_id": 32}}, {"model": "reading_statistics.readdetail", "pk": 17, "fields": {"read_num": 1, "date": "2018-05-23", "content_type": 7, "object_id": 31}}, {"model": "reading_statistics.readdetail", "pk": 18, "fields": {"read_num": 1, "date": "2018-05-23", "content_type": 7, "object_id": 30}}, {"model": "reading_statistics.readdetail", "pk": 19, "fields": {"read_num": 1, "date": "2018-05-23", "content_type": 7, "object_id": 1}}, {"model": "reading_statistics.readdetail", "pk": 20, "fields": {"read_num": 1, "date": "2018-05-23", "content_type": 7, "object_id": 29}}, {"model": "reading_statistics.readdetail", "pk": 21, "fields": {"read_num": 1, "date": "2018-05-23", "content_type": 7, "object_id": 28}}, {"model": "reading_statistics.readdetail", "pk": 22, "fields": {"read_num": 1, "date": "2018-05-23", "content_type": 7, "object_id": 27}}, {"model": "reading_statistics.readdetail", "pk": 23, "fields": {"read_num": 1, "date": "2018-05-23", "content_type": 7, "object_id": 26}}, {"model": "reading_statistics.readdetail", "pk": 24, "fields": {"read_num": 1, "date": "2018-05-23", "content_type": 7, "object_id": 25}}, {"model": "reading_statistics.readdetail", "pk": 25, "fields": {"read_num": 1, "date": "2018-05-23", "content_type": 7, "object_id": 24}}, {"model": "reading_statistics.readdetail", "pk": 26, "fields": {"read_num": 1, "date": "2018-05-23", "content_type": 7, "object_id": 23}}, {"model": "reading_statistics.readdetail", "pk": 27, "fields": {"read_num": 1, "date": "2018-05-23", "content_type": 7, "object_id": 22}}, {"model": "reading_statistics.readdetail", "pk": 28, "fields": {"read_num": 1, "date": "2018-05-23", "content_type": 7, "object_id": 21}}, {"model": "reading_statistics.readdetail", "pk": 29, "fields": {"read_num": 1, "date": "2018-05-23", "content_type": 7, "object_id": 20}}, {"model": "reading_statistics.readdetail", "pk": 30, "fields": {"read_num": 1, "date": "2018-05-23", "content_type": 7, "object_id": 19}}, {"model": "reading_statistics.readdetail", "pk": 31, "fields": {"read_num": 1, "date": "2018-05-23", "content_type": 7, "object_id": 18}}, {"model": "reading_statistics.readdetail", "pk": 32, "fields": {"read_num": 1, "date": "2018-05-23", "content_type": 7, "object_id": 17}}, {"model": "reading_statistics.readdetail", "pk": 33, "fields": {"read_num": 1, "date": "2018-05-23", "content_type": 7, "object_id": 16}}, {"model": "reading_statistics.readdetail", "pk": 34, "fields": {"read_num": 1, "date": "2018-05-23", "content_type": 7, "object_id": 15}}, {"model": "reading_statistics.readdetail", "pk": 35, "fields": {"read_num": 1, "date": "2018-05-23", "content_type": 7, "object_id": 14}}, {"model": "reading_statistics.readdetail", "pk": 36, "fields": {"read_num": 1, "date": "2018-05-23", "content_type": 7, "object_id": 13}}, {"model": "reading_statistics.readdetail", "pk": 37, "fields": {"read_num": 1, "date": "2018-05-23", "content_type": 7, "object_id": 12}}, {"model": "reading_statistics.readdetail", "pk": 38, "fields": {"read_num": 1, "date": "2018-05-23", "content_type": 7, "object_id": 11}}, {"model": "reading_statistics.readdetail", "pk": 39, "fields": {"read_num": 1, "date": "2018-05-23", "content_type": 7, "object_id": 10}}, {"model": "reading_statistics.readdetail", "pk": 40, "fields": {"read_num": 1, "date": "2018-05-23", "content_type": 7, "object_id": 9}}, {"model": "reading_statistics.readdetail", "pk": 41, "fields": {"read_num": 1, "date": "2018-05-23", "content_type": 7, "object_id": 8}}, {"model": "reading_statistics.readdetail", "pk": 42, "fields": {"read_num": 1, "date": "2018-05-23", "content_type": 7, "object_id": 7}}, {"model": "reading_statistics.readdetail", "pk": 43, "fields": {"read_num": 1, "date": "2018-05-23", "content_type": 7, "object_id": 6}}, {"model": "reading_statistics.readdetail", "pk": 44, "fields": {"read_num": 1, "date": "2018-05-23", "content_type": 7, "object_id": 5}}, {"model": "reading_statistics.readdetail", "pk": 45, "fields": {"read_num": 1, "date": "2018-05-23", "content_type": 7, "object_id": 4}}, {"model": "reading_statistics.readdetail", "pk": 46, "fields": {"read_num": 1, "date": "2018-05-23", "content_type": 7, "object_id": 3}}, {"model": "reading_statistics.readdetail", "pk": 48, "fields": {"read_num": 1, "date": "2018-05-25", "content_type": 7, "object_id": 33}}, {"model": "reading_statistics.readdetail", "pk": 50, "fields": {"read_num": 1, "date": "2018-05-27", "content_type": 7, "object_id": 1}}, {"model": "reading_statistics.readdetail", "pk": 51, "fields": {"read_num": 1, "date": "2018-05-27", "content_type": 7, "object_id": 4}}, {"model": "reading_statistics.readdetail", "pk": 52, "fields": {"read_num": 1, "date": "2018-05-27", "content_type": 7, "object_id": 5}}, {"model": "reading_statistics.readdetail", "pk": 53, "fields": {"read_num": 1, "date": "2018-05-27", "content_type": 7, "object_id": 2}}, {"model": "reading_statistics.readdetail", "pk": 54, "fields": {"read_num": 1, "date": "2018-05-27", "content_type": 7, "object_id": 3}}, {"model": "reading_statistics.readdetail", "pk": 55, "fields": {"read_num": 1, "date": "2018-05-27", "content_type": 7, "object_id": 6}}, {"model": "reading_statistics.readdetail", "pk": 56, "fields": {"read_num": 1, "date": "2018-05-27", "content_type": 7, "object_id": 7}}, {"model": "reading_statistics.readdetail", "pk": 57, "fields": {"read_num": 1, "date": "2018-05-27", "content_type": 7, "object_id": 8}}, {"model": "reading_statistics.readdetail", "pk": 58, "fields": {"read_num": 1, "date": "2018-05-27", "content_type": 7, "object_id": 9}}, {"model": "reading_statistics.readdetail", "pk": 59, "fields": {"read_num": 1, "date": "2018-05-27", "content_type": 7, "object_id": 10}}, {"model": "reading_statistics.readdetail", "pk": 60, "fields": {"read_num": 1, "date": "2018-05-27", "content_type": 7, "object_id": 11}}, {"model": "reading_statistics.readdetail", "pk": 61, "fields": {"read_num": 1, "date": "2018-05-27", "content_type": 7, "object_id": 12}}, {"model": "reading_statistics.readdetail", "pk": 62, "fields": {"read_num": 1, "date": "2018-05-27", "content_type": 7, "object_id": 13}}, {"model": "reading_statistics.readdetail", "pk": 63, "fields": {"read_num": 1, "date": "2018-05-27", "content_type": 7, "object_id": 14}}, {"model": "reading_statistics.readdetail", "pk": 64, "fields": {"read_num": 1, "date": "2018-05-27", "content_type": 7, "object_id": 15}}, {"model": "reading_statistics.readdetail", "pk": 65, "fields": {"read_num": 1, "date": "2018-05-27", "content_type": 7, "object_id": 16}}, {"model": "reading_statistics.readdetail", "pk": 66, "fields": {"read_num": 1, "date": "2018-05-27", "content_type": 7, "object_id": 17}}, {"model": "reading_statistics.readdetail", "pk": 67, "fields": {"read_num": 1, "date": "2018-05-27", "content_type": 7, "object_id": 18}}, {"model": "reading_statistics.readdetail", "pk": 68, "fields": {"read_num": 1, "date": "2018-05-27", "content_type": 7, "object_id": 19}}, {"model": "reading_statistics.readdetail", "pk": 69, "fields": {"read_num": 1, "date": "2018-05-27", "content_type": 7, "object_id": 20}}, {"model": "reading_statistics.readdetail", "pk": 70, "fields": {"read_num": 1, "date": "2018-05-27", "content_type": 7, "object_id": 21}}, {"model": "reading_statistics.readdetail", "pk": 71, "fields": {"read_num": 1, "date": "2018-05-27", "content_type": 7, "object_id": 22}}, {"model": "reading_statistics.readdetail", "pk": 72, "fields": {"read_num": 1, "date": "2018-05-27", "content_type": 7, "object_id": 23}}, {"model": "reading_statistics.readdetail", "pk": 73, "fields": {"read_num": 1, "date": "2018-05-27", "content_type": 7, "object_id": 24}}, {"model": "reading_statistics.readdetail", "pk": 74, "fields": {"read_num": 1, "date": "2018-05-27", "content_type": 7, "object_id": 25}}, {"model": "reading_statistics.readdetail", "pk": 75, "fields": {"read_num": 1, "date": "2018-05-27", "content_type": 7, "object_id": 26}}, {"model": "reading_statistics.readdetail", "pk": 76, "fields": {"read_num": 1, "date": "2018-05-27", "content_type": 7, "object_id": 27}}, {"model": "reading_statistics.readdetail", "pk": 77, "fields": {"read_num": 1, "date": "2018-05-27", "content_type": 7, "object_id": 28}}, {"model": "reading_statistics.readdetail", "pk": 78, "fields": {"read_num": 1, "date": "2018-05-27", "content_type": 7, "object_id": 29}}, {"model": "reading_statistics.readdetail", "pk": 79, "fields": {"read_num": 1, "date": "2018-05-27", "content_type": 7, "object_id": 30}}, {"model": "reading_statistics.readdetail", "pk": 80, "fields": {"read_num": 1, "date": "2018-05-27", "content_type": 7, "object_id": 31}}, {"model": "reading_statistics.readdetail", "pk": 81, "fields": {"read_num": 1, "date": "2018-05-27", "content_type": 7, "object_id": 32}}, {"model": "reading_statistics.readdetail", "pk": 82, "fields": {"read_num": 1, "date": "2018-05-27", "content_type": 7, "object_id": 33}}, {"model": "reading_statistics.readdetail", "pk": 84, "fields": {"read_num": 1, "date": "2018-05-29", "content_type": 7, "object_id": 36}}, {"model": "reading_statistics.readdetail", "pk": 85, "fields": {"read_num": 1, "date": "2018-05-30", "content_type": 7, "object_id": 36}}, {"model": "reading_statistics.readdetail", "pk": 86, "fields": {"read_num": 1, "date": "2018-05-30", "content_type": 7, "object_id": 33}}, {"model": "reading_statistics.readdetail", "pk": 87, "fields": {"read_num": 1, "date": "2018-06-14", "content_type": 7, "object_id": 36}}, {"model": "reading_statistics.readdetail", "pk": 88, "fields": {"read_num": 1, "date": "2018-06-14", "content_type": 7, "object_id": 33}}, {"model": "reading_statistics.readdetail", "pk": 89, "fields": {"read_num": 1, "date": "2018-06-14", "content_type": 7, "object_id": 32}}, {"model": "reading_statistics.readdetail", "pk": 90, "fields": {"read_num": 1, "date": "2018-06-14", "content_type": 7, "object_id": 31}}, {"model": "reading_statistics.readdetail", "pk": 91, "fields": {"read_num": 1, "date": "2018-06-14", "content_type": 7, "object_id": 30}}, {"model": "reading_statistics.readdetail", "pk": 92, "fields": {"read_num": 1, "date": "2018-06-14", "content_type": 7, "object_id": 29}}, {"model": "reading_statistics.readdetail", "pk": 93, "fields": {"read_num": 1, "date": "2018-06-14", "content_type": 7, "object_id": 28}}, {"model": "reading_statistics.readdetail", "pk": 94, "fields": {"read_num": 1, "date": "2018-06-14", "content_type": 7, "object_id": 27}}, {"model": "reading_statistics.readdetail", "pk": 95, "fields": {"read_num": 1, "date": "2018-06-14", "content_type": 7, "object_id": 26}}, {"model": "reading_statistics.readdetail", "pk": 96, "fields": {"read_num": 1, "date": "2018-06-14", "content_type": 7, "object_id": 25}}, {"model": "reading_statistics.readdetail", "pk": 97, "fields": {"read_num": 1, "date": "2018-06-14", "content_type": 7, "object_id": 1}}, {"model": "reading_statistics.readdetail", "pk": 98, "fields": {"read_num": 1, "date": "2018-06-14", "content_type": 7, "object_id": 2}}, {"model": "reading_statistics.readdetail", "pk": 99, "fields": {"read_num": 1, "date": "2018-06-21", "content_type": 7, "object_id": 24}}, {"model": "reading_statistics.readdetail", "pk": 100, "fields": {"read_num": 1, "date": "2018-06-21", "content_type": 7, "object_id": 23}}, {"model": "reading_statistics.readdetail", "pk": 101, "fields": {"read_num": 1, "date": "2018-06-21", "content_type": 7, "object_id": 22}}, {"model": "reading_statistics.readdetail", "pk": 102, "fields": {"read_num": 1, "date": "2018-06-21", "content_type": 7, "object_id": 21}}, {"model": "reading_statistics.readdetail", "pk": 103, "fields": {"read_num": 1, "date": "2018-06-21", "content_type": 7, "object_id": 20}}, {"model": "reading_statistics.readdetail", "pk": 104, "fields": {"read_num": 1, "date": "2018-06-21", "content_type": 7, "object_id": 19}}, {"model": "reading_statistics.readdetail", "pk": 105, "fields": {"read_num": 1, "date": "2018-06-21", "content_type": 7, "object_id": 18}}, {"model": "reading_statistics.readdetail", "pk": 106, "fields": {"read_num": 1, "date": "2018-07-04", "content_type": 7, "object_id": 36}}, {"model": "reading_statistics.readdetail", "pk": 107, "fields": {"read_num": 1, "date": "2018-07-04", "content_type": 7, "object_id": 33}}, {"model": "reading_statistics.readdetail", "pk": 108, "fields": {"read_num": 1, "date": "2018-07-04", "content_type": 7, "object_id": 32}}, {"model": "reading_statistics.readdetail", "pk": 109, "fields": {"read_num": 1, "date": "2018-07-04", "content_type": 7, "object_id": 31}}, {"model": "reading_statistics.readdetail", "pk": 110, "fields": {"read_num": 1, "date": "2018-07-04", "content_type": 7, "object_id": 30}}, {"model": "reading_statistics.readdetail", "pk": 111, "fields": {"read_num": 1, "date": "2018-07-04", "content_type": 7, "object_id": 29}}, {"model": "reading_statistics.readdetail", "pk": 112, "fields": {"read_num": 1, "date": "2018-07-04", "content_type": 7, "object_id": 28}}, {"model": "reading_statistics.readdetail", "pk": 113, "fields": {"read_num": 1, "date": "2018-07-04", "content_type": 7, "object_id": 27}}, {"model": "reading_statistics.readdetail", "pk": 114, "fields": {"read_num": 1, "date": "2018-07-04", "content_type": 7, "object_id": 26}}, {"model": "reading_statistics.readdetail", "pk": 115, "fields": {"read_num": 1, "date": "2018-07-04", "content_type": 7, "object_id": 25}}, {"model": "reading_statistics.readdetail", "pk": 116, "fields": {"read_num": 1, "date": "2018-07-04", "content_type": 7, "object_id": 24}}, {"model": "reading_statistics.readdetail", "pk": 117, "fields": {"read_num": 1, "date": "2018-07-04", "content_type": 7, "object_id": 23}}, {"model": "reading_statistics.readdetail", "pk": 118, "fields": {"read_num": 1, "date": "2018-07-04", "content_type": 7, "object_id": 22}}, {"model": "reading_statistics.readdetail", "pk": 119, "fields": {"read_num": 1, "date": "2018-07-04", "content_type": 7, "object_id": 21}}, {"model": "reading_statistics.readdetail", "pk": 120, "fields": {"read_num": 1, "date": "2018-07-04", "content_type": 7, "object_id": 20}}, {"model": "reading_statistics.readdetail", "pk": 121, "fields": {"read_num": 1, "date": "2018-07-04", "content_type": 7, "object_id": 19}}, {"model": "reading_statistics.readdetail", "pk": 122, "fields": {"read_num": 1, "date": "2018-07-04", "content_type": 7, "object_id": 18}}, {"model": "reading_statistics.readdetail", "pk": 123, "fields": {"read_num": 1, "date": "2018-07-04", "content_type": 7, "object_id": 17}}, {"model": "reading_statistics.readdetail", "pk": 124, "fields": {"read_num": 1, "date": "2018-07-04", "content_type": 7, "object_id": 16}}, {"model": "reading_statistics.readdetail", "pk": 125, "fields": {"read_num": 1, "date": "2018-07-04", "content_type": 7, "object_id": 15}}, {"model": "reading_statistics.readdetail", "pk": 126, "fields": {"read_num": 1, "date": "2018-07-04", "content_type": 7, "object_id": 14}}, {"model": "reading_statistics.readdetail", "pk": 127, "fields": {"read_num": 1, "date": "2018-07-04", "content_type": 7, "object_id": 13}}, {"model": "reading_statistics.readdetail", "pk": 128, "fields": {"read_num": 1, "date": "2018-07-04", "content_type": 7, "object_id": 12}}, {"model": "reading_statistics.readdetail", "pk": 129, "fields": {"read_num": 1, "date": "2018-07-04", "content_type": 7, "object_id": 11}}, {"model": "reading_statistics.readdetail", "pk": 130, "fields": {"read_num": 1, "date": "2018-07-04", "content_type": 7, "object_id": 10}}, {"model": "reading_statistics.readdetail", "pk": 131, "fields": {"read_num": 1, "date": "2018-07-04", "content_type": 7, "object_id": 9}}, {"model": "reading_statistics.readdetail", "pk": 132, "fields": {"read_num": 1, "date": "2018-07-04", "content_type": 7, "object_id": 8}}, {"model": "reading_statistics.readdetail", "pk": 133, "fields": {"read_num": 1, "date": "2018-07-04", "content_type": 7, "object_id": 7}}, {"model": "reading_statistics.readdetail", "pk": 134, "fields": {"read_num": 1, "date": "2018-07-04", "content_type": 7, "object_id": 6}}, {"model": "reading_statistics.readdetail", "pk": 135, "fields": {"read_num": 1, "date": "2018-07-04", "content_type": 7, "object_id": 5}}, {"model": "reading_statistics.readdetail", "pk": 136, "fields": {"read_num": 1, "date": "2018-07-04", "content_type": 7, "object_id": 4}}, {"model": "reading_statistics.readdetail", "pk": 137, "fields": {"read_num": 1, "date": "2018-07-04", "content_type": 7, "object_id": 3}}, {"model": "reading_statistics.readdetail", "pk": 138, "fields": {"read_num": 1, "date": "2018-07-04", "content_type": 7, "object_id": 2}}, {"model": "reading_statistics.readdetail", "pk": 139, "fields": {"read_num": 1, "date": "2018-07-04", "content_type": 7, "object_id": 1}}, {"model": "reading_statistics.readdetail", "pk": 140, "fields": {"read_num": 1, "date": "2018-07-23", "content_type": 7, "object_id": 36}}, {"model": "reading_statistics.readdetail", "pk": 141, "fields": {"read_num": 1, "date": "2018-07-23", "content_type": 7, "object_id": 33}}, {"model": "reading_statistics.readdetail", "pk": 142, "fields": {"read_num": 1, "date": "2018-07-23", "content_type": 7, "object_id": 32}}, {"model": "reading_statistics.readdetail", "pk": 143, "fields": {"read_num": 1, "date": "2018-07-23", "content_type": 7, "object_id": 31}}, {"model": "reading_statistics.readdetail", "pk": 144, "fields": {"read_num": 1, "date": "2018-07-23", "content_type": 7, "object_id": 30}}, {"model": "reading_statistics.readdetail", "pk": 145, "fields": {"read_num": 1, "date": "2018-07-23", "content_type": 7, "object_id": 29}}, {"model": "reading_statistics.readdetail", "pk": 146, "fields": {"read_num": 1, "date": "2018-07-23", "content_type": 7, "object_id": 28}}, {"model": "reading_statistics.readdetail", "pk": 147, "fields": {"read_num": 1, "date": "2018-07-23", "content_type": 7, "object_id": 27}}, {"model": "reading_statistics.readdetail", "pk": 148, "fields": {"read_num": 1, "date": "2018-07-23", "content_type": 7, "object_id": 26}}, {"model": "reading_statistics.readdetail", "pk": 149, "fields": {"read_num": 1, "date": "2018-07-23", "content_type": 7, "object_id": 25}}, {"model": "reading_statistics.readdetail", "pk": 150, "fields": {"read_num": 1, "date": "2018-07-23", "content_type": 7, "object_id": 24}}, {"model": "reading_statistics.readdetail", "pk": 151, "fields": {"read_num": 1, "date": "2018-07-23", "content_type": 7, "object_id": 23}}, {"model": "reading_statistics.readdetail", "pk": 152, "fields": {"read_num": 1, "date": "2018-07-23", "content_type": 7, "object_id": 22}}, {"model": "reading_statistics.readdetail", "pk": 153, "fields": {"read_num": 1, "date": "2018-07-23", "content_type": 7, "object_id": 21}}, {"model": "reading_statistics.readdetail", "pk": 154, "fields": {"read_num": 1, "date": "2018-07-23", "content_type": 7, "object_id": 20}}, {"model": "reading_statistics.readdetail", "pk": 155, "fields": {"read_num": 1, "date": "2018-07-23", "content_type": 7, "object_id": 19}}, {"model": "reading_statistics.readdetail", "pk": 156, "fields": {"read_num": 1, "date": "2018-07-23", "content_type": 7, "object_id": 18}}, {"model": "reading_statistics.readdetail", "pk": 157, "fields": {"read_num": 1, "date": "2018-07-23", "content_type": 7, "object_id": 17}}, {"model": "reading_statistics.readdetail", "pk": 158, "fields": {"read_num": 1, "date": "2018-07-23", "content_type": 7, "object_id": 16}}, {"model": "reading_statistics.readdetail", "pk": 159, "fields": {"read_num": 1, "date": "2018-07-23", "content_type": 7, "object_id": 15}}, {"model": "reading_statistics.readdetail", "pk": 160, "fields": {"read_num": 1, "date": "2018-07-23", "content_type": 7, "object_id": 14}}, {"model": "reading_statistics.readdetail", "pk": 161, "fields": {"read_num": 1, "date": "2018-07-23", "content_type": 7, "object_id": 13}}, {"model": "reading_statistics.readdetail", "pk": 162, "fields": {"read_num": 1, "date": "2018-07-23", "content_type": 7, "object_id": 12}}, {"model": "reading_statistics.readdetail", "pk": 163, "fields": {"read_num": 1, "date": "2018-07-23", "content_type": 7, "object_id": 11}}, {"model": "reading_statistics.readdetail", "pk": 164, "fields": {"read_num": 1, "date": "2018-07-23", "content_type": 7, "object_id": 10}}, {"model": "reading_statistics.readdetail", "pk": 165, "fields": {"read_num": 1, "date": "2018-07-23", "content_type": 7, "object_id": 9}}, {"model": "reading_statistics.readdetail", "pk": 166, "fields": {"read_num": 1, "date": "2018-07-23", "content_type": 7, "object_id": 8}}, {"model": "reading_statistics.readdetail", "pk": 167, "fields": {"read_num": 1, "date": "2018-07-23", "content_type": 7, "object_id": 7}}, {"model": "reading_statistics.readdetail", "pk": 168, "fields": {"read_num": 1, "date": "2018-07-23", "content_type": 7, "object_id": 6}}, {"model": "reading_statistics.readdetail", "pk": 169, "fields": {"read_num": 1, "date": "2018-07-23", "content_type": 7, "object_id": 5}}, {"model": "reading_statistics.readdetail", "pk": 170, "fields": {"read_num": 1, "date": "2018-07-23", "content_type": 7, "object_id": 4}}, {"model": "reading_statistics.readdetail", "pk": 171, "fields": {"read_num": 1, "date": "2018-07-23", "content_type": 7, "object_id": 3}}, {"model": "reading_statistics.readdetail", "pk": 172, "fields": {"read_num": 1, "date": "2018-07-23", "content_type": 7, "object_id": 2}}, {"model": "reading_statistics.readdetail", "pk": 173, "fields": {"read_num": 1, "date": "2018-07-23", "content_type": 7, "object_id": 1}}, {"model": "likes.likecount", "pk": 98, "fields": {"content_type": 7, "object_id": 34, "liked_num": 0}}, {"model": "likes.likecount", "pk": 99, "fields": {"content_type": 7, "object_id": 33, "liked_num": 0}}, {"model": "likes.likecount", "pk": 100, "fields": {"content_type": 7, "object_id": 32, "liked_num": 0}}, {"model": "likes.likecount", "pk": 101, "fields": {"content_type": 7, "object_id": 31, "liked_num": 0}}, {"model": "likes.likecount", "pk": 102, "fields": {"content_type": 7, "object_id": 30, "liked_num": 0}}, {"model": "likes.likecount", "pk": 103, "fields": {"content_type": 7, "object_id": 29, "liked_num": 0}}, {"model": "likes.likecount", "pk": 104, "fields": {"content_type": 7, "object_id": 28, "liked_num": 0}}, {"model": "likes.likecount", "pk": 105, "fields": {"content_type": 7, "object_id": 27, "liked_num": 0}}, {"model": "likes.likecount", "pk": 106, "fields": {"content_type": 7, "object_id": 26, "liked_num": 0}}, {"model": "likes.likecount", "pk": 107, "fields": {"content_type": 7, "object_id": 25, "liked_num": 0}}, {"model": "likes.likecount", "pk": 108, "fields": {"content_type": 7, "object_id": 24, "liked_num": 0}}, {"model": "likes.likecount", "pk": 109, "fields": {"content_type": 7, "object_id": 23, "liked_num": 0}}, {"model": "likes.likecount", "pk": 110, "fields": {"content_type": 7, "object_id": 22, "liked_num": 0}}, {"model": "likes.likecount", "pk": 111, "fields": {"content_type": 7, "object_id": 21, "liked_num": 0}}, {"model": "likes.likecount", "pk": 112, "fields": {"content_type": 7, "object_id": 20, "liked_num": 0}}, {"model": "likes.likecount", "pk": 113, "fields": {"content_type": 7, "object_id": 19, "liked_num": 1}}, {"model": "likes.likecount", "pk": 114, "fields": {"content_type": 7, "object_id": 18, "liked_num": 0}}, {"model": "likes.likecount", "pk": 115, "fields": {"content_type": 7, "object_id": 17, "liked_num": 0}}, {"model": "likes.likecount", "pk": 116, "fields": {"content_type": 7, "object_id": 16, "liked_num": 0}}, {"model": "likes.likecount", "pk": 117, "fields": {"content_type": 7, "object_id": 15, "liked_num": 0}}, {"model": "likes.likecount", "pk": 118, "fields": {"content_type": 7, "object_id": 14, "liked_num": 0}}, {"model": "likes.likecount", "pk": 119, "fields": {"content_type": 7, "object_id": 13, "liked_num": 0}}, {"model": "likes.likecount", "pk": 120, "fields": {"content_type": 7, "object_id": 12, "liked_num": 0}}, {"model": "likes.likecount", "pk": 121, "fields": {"content_type": 7, "object_id": 11, "liked_num": 0}}, {"model": "likes.likecount", "pk": 122, "fields": {"content_type": 7, "object_id": 10, "liked_num": 0}}, {"model": "likes.likecount", "pk": 123, "fields": {"content_type": 7, "object_id": 9, "liked_num": 0}}, {"model": "likes.likecount", "pk": 124, "fields": {"content_type": 7, "object_id": 8, "liked_num": 0}}, {"model": "likes.likecount", "pk": 125, "fields": {"content_type": 7, "object_id": 7, "liked_num": 0}}, {"model": "likes.likecount", "pk": 126, "fields": {"content_type": 7, "object_id": 6, "liked_num": 0}}, {"model": "likes.likecount", "pk": 127, "fields": {"content_type": 7, "object_id": 5, "liked_num": 0}}, {"model": "likes.likecount", "pk": 128, "fields": {"content_type": 7, "object_id": 4, "liked_num": 0}}, {"model": "likes.likecount", "pk": 129, "fields": {"content_type": 7, "object_id": 3, "liked_num": 0}}, {"model": "likes.likecount", "pk": 130, "fields": {"content_type": 7, "object_id": 2, "liked_num": 0}}, {"model": "likes.likecount", "pk": 131, "fields": {"content_type": 7, "object_id": 1, "liked_num": 0}}, {"model": "likes.likecount", "pk": 132, "fields": {"content_type": 11, "object_id": 136, "liked_num": 2}}, {"model": "likes.likecount", "pk": 133, "fields": {"content_type": 11, "object_id": 137, "liked_num": 0}}, {"model": "likes.likecount", "pk": 134, "fields": {"content_type": 11, "object_id": 139, "liked_num": 0}}, {"model": "likes.likecount", "pk": 135, "fields": {"content_type": 11, "object_id": 140, "liked_num": 0}}, {"model": "likes.likecount", "pk": 136, "fields": {"content_type": 11, "object_id": 138, "liked_num": 1}}, {"model": "likes.likecount", "pk": 137, "fields": {"content_type": 11, "object_id": 141, "liked_num": 2}}, {"model": "likes.likecount", "pk": 138, "fields": {"content_type": 11, "object_id": 142, "liked_num": 1}}, {"model": "likes.likecount", "pk": 139, "fields": {"content_type": 11, "object_id": 143, "liked_num": 1}}, {"model": "likes.likecount", "pk": 140, "fields": {"content_type": 11, "object_id": 144, "liked_num": 0}}, {"model": "likes.likecount", "pk": 141, "fields": {"content_type": 11, "object_id": 145, "liked_num": 1}}, {"model": "likes.likecount", "pk": 142, "fields": {"content_type": 11, "object_id": 146, "liked_num": 1}}, {"model": "likes.likecount", "pk": 143, "fields": {"content_type": 11, "object_id": 147, "liked_num": 2}}, {"model": "likes.likecount", "pk": 144, "fields": {"content_type": 11, "object_id": 148, "liked_num": 0}}, {"model": "likes.likecount", "pk": 145, "fields": {"content_type": 11, "object_id": 149, "liked_num": 1}}, {"model": "likes.likecount", "pk": 146, "fields": {"content_type": 11, "object_id": 150, "liked_num": 1}}, {"model": "likes.likecount", "pk": 147, "fields": {"content_type": 7, "object_id": 35, "liked_num": 0}}, {"model": "likes.likecount", "pk": 148, "fields": {"content_type": 11, "object_id": 151, "liked_num": 0}}, {"model": "likes.likecount", "pk": 149, "fields": {"content_type": 11, "object_id": 152, "liked_num": 2}}, {"model": "likes.likecount", "pk": 150, "fields": {"content_type": 11, "object_id": 153, "liked_num": 1}}, {"model": "likes.likecount", "pk": 151, "fields": {"content_type": 11, "object_id": 155, "liked_num": 1}}, {"model": "likes.likecount", "pk": 152, "fields": {"content_type": 11, "object_id": 156, "liked_num": 0}}, {"model": "likes.likecount", "pk": 153, "fields": {"content_type": 11, "object_id": 154, "liked_num": 0}}, {"model": "likes.likecount", "pk": 154, "fields": {"content_type": 7, "object_id": 36, "liked_num": 2}}, {"model": "likes.likecount", "pk": 155, "fields": {"content_type": 11, "object_id": 157, "liked_num": 1}}, {"model": "likes.likecount", "pk": 156, "fields": {"content_type": 11, "object_id": 158, "liked_num": 1}}, {"model": "likes.likecount", "pk": 157, "fields": {"content_type": 11, "object_id": 159, "liked_num": 0}}, {"model": "likes.likecount", "pk": 158, "fields": {"content_type": 11, "object_id": 160, "liked_num": 0}}, {"model": "likes.likecount", "pk": 159, "fields": {"content_type": 11, "object_id": 161, "liked_num": 0}}, {"model": "likes.likecount", "pk": 160, "fields": {"content_type": 11, "object_id": 162, "liked_num": 0}}, {"model": "likes.likecount", "pk": 161, "fields": {"content_type": 11, "object_id": 163, "liked_num": 0}}, {"model": "likes.likecount", "pk": 162, "fields": {"content_type": 11, "object_id": 164, "liked_num": 0}}, {"model": "likes.likecount", "pk": 163, "fields": {"content_type": 11, "object_id": 165, "liked_num": 0}}, {"model": "likes.likecount", "pk": 164, "fields": {"content_type": 11, "object_id": 166, "liked_num": 0}}, {"model": "likes.likecount", "pk": 165, "fields": {"content_type": 11, "object_id": 167, "liked_num": 0}}, {"model": "likes.likecount", "pk": 166, "fields": {"content_type": 11, "object_id": 168, "liked_num": 1}}, {"model": "likes.likecount", "pk": 167, "fields": {"content_type": 11, "object_id": 169, "liked_num": 0}}, {"model": "likes.likecount", "pk": 168, "fields": {"content_type": 11, "object_id": 170, "liked_num": 0}}, {"model": "likes.likecount", "pk": 169, "fields": {"content_type": 11, "object_id": 171, "liked_num": 0}}, {"model": "likes.likecount", "pk": 170, "fields": {"content_type": 11, "object_id": 172, "liked_num": 0}}, {"model": "likes.likecount", "pk": 171, "fields": {"content_type": 11, "object_id": 173, "liked_num": 0}}, {"model": "likes.likecount", "pk": 172, "fields": {"content_type": 11, "object_id": 174, "liked_num": 0}}, {"model": "likes.likecount", "pk": 173, "fields": {"content_type": 11, "object_id": 175, "liked_num": 0}}, {"model": "likes.likecount", "pk": 174, "fields": {"content_type": 11, "object_id": 176, "liked_num": 0}}, {"model": "likes.likecount", "pk": 175, "fields": {"content_type": 11, "object_id": 177, "liked_num": 0}}, {"model": "likes.likecount", "pk": 176, "fields": {"content_type": 11, "object_id": 178, "liked_num": 0}}, {"model": "likes.likecount", "pk": 177, "fields": {"content_type": 11, "object_id": 179, "liked_num": 0}}, {"model": "likes.likecount", "pk": 178, "fields": {"content_type": 11, "object_id": 180, "liked_num": 0}}, {"model": "likes.likecount", "pk": 179, "fields": {"content_type": 11, "object_id": 181, "liked_num": 1}}, {"model": "likes.likecount", "pk": 180, "fields": {"content_type": 11, "object_id": 182, "liked_num": 0}}, {"model": "likes.likecount", "pk": 181, "fields": {"content_type": 11, "object_id": 183, "liked_num": 0}}, {"model": "likes.likecount", "pk": 182, "fields": {"content_type": 11, "object_id": 186, "liked_num": 0}}, {"model": "likes.likecount", "pk": 183, "fields": {"content_type": 11, "object_id": 185, "liked_num": 0}}, {"model": "likes.likecount", "pk": 184, "fields": {"content_type": 11, "object_id": 184, "liked_num": 0}}, {"model": "likes.likecount", "pk": 185, "fields": {"content_type": 11, "object_id": 187, "liked_num": 1}}, {"model": "likes.likecount", "pk": 186, "fields": {"content_type": 11, "object_id": 188, "liked_num": 1}}, {"model": "auth.permission", "pk": 1, "fields": {"name": "Can add log entry", "content_type": 1, "codename": "add_logentry"}}, {"model": "auth.permission", "pk": 2, "fields": {"name": "Can change log entry", "content_type": 1, "codename": "change_logentry"}}, {"model": "auth.permission", "pk": 3, "fields": {"name": "Can delete log entry", "content_type": 1, "codename": "delete_logentry"}}, {"model": "auth.permission", "pk": 4, "fields": {"name": "Can add permission", "content_type": 2, "codename": "add_permission"}}, {"model": "auth.permission", "pk": 5, "fields": {"name": "Can change permission", "content_type": 2, "codename": "change_permission"}}, {"model": "auth.permission", "pk": 6, "fields": {"name": "Can delete permission", "content_type": 2, "codename": "delete_permission"}}, {"model": "auth.permission", "pk": 7, "fields": {"name": "Can add group", "content_type": 3, "codename": "add_group"}}, {"model": "auth.permission", "pk": 8, "fields": {"name": "Can change group", "content_type": 3, "codename": "change_group"}}, {"model": "auth.permission", "pk": 9, "fields": {"name": "Can delete group", "content_type": 3, "codename": "delete_group"}}, {"model": "auth.permission", "pk": 10, "fields": {"name": "Can add user", "content_type": 4, "codename": "add_user"}}, {"model": "auth.permission", "pk": 11, "fields": {"name": "Can change user", "content_type": 4, "codename": "change_user"}}, {"model": "auth.permission", "pk": 12, "fields": {"name": "Can delete user", "content_type": 4, "codename": "delete_user"}}, {"model": "auth.permission", "pk": 13, "fields": {"name": "Can add content type", "content_type": 5, "codename": "add_contenttype"}}, {"model": "auth.permission", "pk": 14, "fields": {"name": "Can change content type", "content_type": 5, "codename": "change_contenttype"}}, {"model": "auth.permission", "pk": 15, "fields": {"name": "Can delete content type", "content_type": 5, "codename": "delete_contenttype"}}, {"model": "auth.permission", "pk": 16, "fields": {"name": "Can add session", "content_type": 6, "codename": "add_session"}}, {"model": "auth.permission", "pk": 17, "fields": {"name": "Can change session", "content_type": 6, "codename": "change_session"}}, {"model": "auth.permission", "pk": 18, "fields": {"name": "Can delete session", "content_type": 6, "codename": "delete_session"}}, {"model": "auth.permission", "pk": 19, "fields": {"name": "Can add blog", "content_type": 7, "codename": "add_blog"}}, {"model": "auth.permission", "pk": 20, "fields": {"name": "Can change blog", "content_type": 7, "codename": "change_blog"}}, {"model": "auth.permission", "pk": 21, "fields": {"name": "Can delete blog", "content_type": 7, "codename": "delete_blog"}}, {"model": "auth.permission", "pk": 22, "fields": {"name": "Can add blog type", "content_type": 8, "codename": "add_blogtype"}}, {"model": "auth.permission", "pk": 23, "fields": {"name": "Can change blog type", "content_type": 8, "codename": "change_blogtype"}}, {"model": "auth.permission", "pk": 24, "fields": {"name": "Can delete blog type", "content_type": 8, "codename": "delete_blogtype"}}, {"model": "auth.permission", "pk": 25, "fields": {"name": "Can add read num", "content_type": 9, "codename": "add_readnum"}}, {"model": "auth.permission", "pk": 26, "fields": {"name": "Can change read num", "content_type": 9, "codename": "change_readnum"}}, {"model": "auth.permission", "pk": 27, "fields": {"name": "Can delete read num", "content_type": 9, "codename": "delete_readnum"}}, {"model": "auth.permission", "pk": 28, "fields": {"name": "Can add read detail", "content_type": 10, "codename": "add_readdetail"}}, {"model": "auth.permission", "pk": 29, "fields": {"name": "Can change read detail", "content_type": 10, "codename": "change_readdetail"}}, {"model": "auth.permission", "pk": 30, "fields": {"name": "Can delete read detail", "content_type": 10, "codename": "delete_readdetail"}}, {"model": "auth.permission", "pk": 31, "fields": {"name": "Can add comment", "content_type": 11, "codename": "add_comment"}}, {"model": "auth.permission", "pk": 32, "fields": {"name": "Can change comment", "content_type": 11, "codename": "change_comment"}}, {"model": "auth.permission", "pk": 33, "fields": {"name": "Can delete comment", "content_type": 11, "codename": "delete_comment"}}, {"model": "auth.permission", "pk": 34, "fields": {"name": "Can add like count", "content_type": 12, "codename": "add_likecount"}}, {"model": "auth.permission", "pk": 35, "fields": {"name": "Can change like count", "content_type": 12, "codename": "change_likecount"}}, {"model": "auth.permission", "pk": 36, "fields": {"name": "Can delete like count", "content_type": 12, "codename": "delete_likecount"}}, {"model": "auth.permission", "pk": 37, "fields": {"name": "Can add like record", "content_type": 13, "codename": "add_likerecord"}}, {"model": "auth.permission", "pk": 38, "fields": {"name": "Can change like record", "content_type": 13, "codename": "change_likerecord"}}, {"model": "auth.permission", "pk": 39, "fields": {"name": "Can delete like record", "content_type": 13, "codename": "delete_likerecord"}}, {"model": "auth.permission", "pk": 40, "fields": {"name": "Can add profile", "content_type": 14, "codename": "add_profile"}}, {"model": "auth.permission", "pk": 41, "fields": {"name": "Can change profile", "content_type": 14, "codename": "change_profile"}}, {"model": "auth.permission", "pk": 42, "fields": {"name": "Can delete profile", "content_type": 14, "codename": "delete_profile"}}, {"model": "auth.user", "pk": 1, "fields": {"password": "pbkdf2_sha256$100000$Ciq2xo2UENuY$vJ6O+KABa9GNxadzEvLrYprXQSzKUqrfJ6zW/B+gTtI=", "last_login": "2018-07-26T07:28:00Z", "is_superuser": true, "username": "xqm", "first_name": "", "last_name": "", "email": "2827980689@qq.com", "is_staff": true, "is_active": true, "date_joined": "2018-04-23T07:56:00Z", "groups": [], "user_permissions": []}}, {"model": "auth.user", "pk": 2, "fields": {"password": "pbkdf2_sha256$100000$YkMIPnJyqtxq$s1lPv4gzpvjRAJxoBOsVhGwHKMVW8UntvwtYCuWpzgo=", "last_login": "2018-07-27T08:45:59.585Z", "is_superuser": false, "username": "customer", "first_name": "", "last_name": "", "email": "13829835132@163.com", "is_staff": false, "is_active": true, "date_joined": "2018-05-14T03:32:00Z", "groups": [], "user_permissions": []}}, {"model": "auth.user", "pk": 6, "fields": {"password": "pbkdf2_sha256$100000$h4giiKkKJG5a$SqsGLoavvIsIaVDjLdGfUXeKfSx6wYYI/lTV44PD+qA=", "last_login": "2018-05-27T04:23:36.120Z", "is_superuser": false, "username": "ckd", "first_name": "", "last_name": "", "email": "13829835122@163.com", "is_staff": false, "is_active": true, "date_joined": "2018-05-27T03:55:27.624Z", "groups": [], "user_permissions": []}}, {"model": "auth.user", "pk": 7, "fields": {"password": "pbkdf2_sha256$100000$6SLzUXqrbSFU$IfvZJC9MIhmIDRgWfN1qnvenc5e+vLb1vz4I5HzGi1k=", "last_login": "2018-07-26T05:45:24.433Z", "is_superuser": false, "username": "winner", "first_name": "", "last_name": "", "email": "", "is_staff": false, "is_active": true, "date_joined": "2018-07-24T06:56:00Z", "groups": [], "user_permissions": []}}, {"model": "blog.blog", "pk": 1, "fields": {"title": "django", "content": "<p>Django\u662f\u4e00\u4e2a\u5f00\u653e\u6e90\u4ee3\u7801\u7684Web\u5e94\u7528\u6846\u67b6\uff0c\u7531Python\u5199\u6210\u3002\u91c7\u7528\u4e86MTV\u7684\u6846\u67b6\u6a21\u5f0f\uff0c\u5373\u6a21\u578bM\uff0c\u6a21\u677fT\u548c\u89c6\u56feV\u3002\u5b83\u6700\u521d\u662f\u88ab\u5f00\u53d1\u6765\u7528\u4e8e\u7ba1\u7406\u52b3\u4f26\u65af\u51fa\u7248\u96c6\u56e2\u65d7\u4e0b\u7684\u4e00\u4e9b\u4ee5\u65b0\u95fb\u5185\u5bb9\u4e3a\u4e3b\u7684\u7f51\u7ad9\u7684\uff0c\u5373\u662fCMS\uff08\u5185\u5bb9\u7ba1\u7406\u7cfb\u7edf\uff09\u8f6f\u4ef6\u3002\u5e76\u4e8e2005\u5e747\u6708\u5728BSD\u8bb8\u53ef\u8bc1\u4e0b\u53d1\u5e03\u3002\u8fd9\u5957\u6846\u67b6\u662f\u4ee5\u6bd4\u5229\u65f6\u7684\u5409\u666e\u8d5b\u7235\u58eb\u5409\u4ed6\u624bDjango Reinhardt\u6765\u547d\u540d\u7684\u3002Django\u7684\u4e3b\u8981\u76ee\u7684\u662f\u7b80\u4fbf\u3001\u5feb\u901f\u7684\u5f00\u53d1\u6570\u636e\u5e93\u9a71\u52a8\u7684\u7f51\u7ad9\u3002\u5b83\u5f3a\u8c03\u4ee3\u7801\u590d\u7528\uff0c\u591a\u4e2a\u7ec4\u4ef6\u53ef\u4ee5\u5f88\u65b9\u4fbf\u7684\u4ee5&ldquo;\u63d2\u4ef6&rdquo;\u5f62\u5f0f\u670d\u52a1\u4e8e\u6574\u4e2a\u6846\u67b6\uff0cDjango\u6709\u8bb8\u591a\u529f\u80fd\u5f3a\u5927\u7684\u7b2c\u4e09\u65b9\u63d2\u4ef6\uff0c\u4f60\u751a\u81f3\u53ef\u4ee5\u5f88\u65b9\u4fbf\u7684\u5f00\u53d1\u51fa\u81ea\u5df1\u7684\u5de5\u5177\u5305\u3002\u8fd9\u4f7f\u5f97Django\u5177\u6709\u5f88\u5f3a\u7684\u53ef\u6269\u5c55\u6027\u3002\u5b83\u8fd8\u5f3a\u8c03\u5feb\u901f\u5f00\u53d1\u548cDRY(Do Not Repeat Yourself)\u539f\u5219\u3002</p>\r\n\r\n<p><img alt=\"\" src=\"/media/upload/2018/05/04/u29092030283998034658fm96.jpeg\" style=\"height:60px; width:97px\" /></p>", "create_time": "2018-04-23T09:27:48.928Z", "last_updated_time": "2018-05-04T07:53:05.921Z", "author": 1, "blog_type": 1}}, {"model": "blog.blog", "pk": 2, "fields": {"title": "\u4efb\u5929\u5802labo", "content": "<p>\u57284\u670820\u65e5\u7684\u65f6\u5019\uff0c\u4efb\u5929\u5802\u7684&ldquo;\u7eb8\u76d2&rdquo;Labo\u53d1\u552e\uff0c\u65b0\u5947\u7684\u73a9\u6cd5\u5f15\u8d77\u5f88\u5927\u5173\u6ce8\u3002\u4eca\u5929IGN\u7ed9\u51fa\u4e86\u81ea\u5df1\u5bf9\u4efb\u5929\u5802Labo Variety Kit\u7684\u8bc4\u5206\uff1a6.9\u5206\u3002IGN\u7684\u8bc4\u6d4b\u7f16\u8f91\u8ba4\u4e3a\uff1aLabo\u7684\u9b45\u529b\u5728\u4e8e\u7ec4\u88c5\u8fd9\u4e9b\u590d\u6742\u7eb8\u7bb1\u7684\u8fc7\u7a0b\u3002\u5bf9\u4e8e\u666e\u901a\u6210\u5e74\u4eba\u6765\u8bf4\uff0c\u7ec4\u88c5\u8fc7\u7a0b\u6ca1\u4ec0\u4e48\u6311\u6218\uff0c\u6709\u4e9b\u65e0\u804a\uff0c\u4e0d\u8fc7\u548c\u5c0f\u5b69\u5b50\u4e00\u8d77\u5c1d\u8bd5\u7ec4\u88c5Labo\u7684\u8fc7\u7a0b\u4f1a\u589e\u52a0\u5f88\u591a\u4e50\u8da3\u3002\u4e0d\u8fc7\u4e00\u65e6\u4f60\u5236\u4f5c\u597d\u4e86\u6bcf\u4e2a\u73a9\u5177\u5e76\u4e14\u73a9\u8fc7\u4e00\u4f1a\u513f\u540e\uff0c\u5c31\u5b9e\u5728\u4e0d\u77e5\u9053\u8fd8\u80fd\u7528\u6765\u505a\u4ec0\u4e48\u4e86\u3002\u5f53\u7136\u5982\u679c\u4f60\u6709\u4e00\u4e2a\u60f3\u8c61\u529b\u4e30\u5bcc\u7684\u5b69\u5b50\uff0c\u770b\u7740\u4ed6\u4eecDIY\u8fd9\u73a9\u5177\u7684\u8fc7\u7a0b\u672c\u8eab\u5c31\u662f\u4e00\u79cd\u4eab\u53d7\u3002\u603b\u8bc4\uff1a\u5bf9\u4e8e\u6709\u521b\u610f\u7684\u5b69\u5b50\u6765\u8bf4\uff0c\u4efb\u5929\u5802Labo\u7684\u9b45\u529b\u5728\u4e8e\u7ec4\u88c5\u8fd9\u4e9b\u7eb8\u677f\u73a9\u5177\u3002\u9700\u8981\u8bf4\u660e\u7684\u662f\uff0c\u4efb\u5929\u5802Labo\u5171\u6709\u4e24\u4e2a\u5957\u4ef6\uff0cVariety Kit\u662f\u5176\u4e2d\u4e94\u5408\u4e00\u7684\u5957\u4ef6\u3002\u53e6\u4e00\u6b3e\u4e3aRobot kit\u673a\u5668\u4eba\u5957\u4ef6\u3002IGN\u8fd9\u6b21\u7ed9\u51fa\u7684\u8bc4\u6d4b\u53ea\u6709\u4e94\u5408\u4e00\u5957\u4ef6\u3002</p>\r\n\r\n<p><img alt=\"\" src=\"/media/upload/2018/05/04/602a1d6ef731477fbea9c9b7b10a1669_thjpg_meyPiQ5.gif\" style=\"height:80px; width:107px\" /></p>", "create_time": "2018-04-30T07:17:36.067Z", "last_updated_time": "2018-05-04T08:00:53.634Z", "author": 1, "blog_type": 2}}, {"model": "blog.blog", "pk": 3, "fields": {"title": "\u65bd\u5de5\u4e2d", "content": "XQM\u7684\u535a\u5ba2\u6b63\u5728\u65bd\u5de5\u4e2d\uff0c\u656c\u8bf7\u671f\u5f85\uff01", "create_time": "2018-04-30T07:40:19.029Z", "last_updated_time": "2018-04-30T07:40:19.029Z", "author": 1, "blog_type": 4}}, {"model": "blog.blog", "pk": 4, "fields": {"title": "\u6d4b\u8bd5 1", "content": "\u8fd9\u662f\u4e2a\u6d4b\u8bd5\u7528\u535a\u5ba2\u6587\u7ae0\u3002\u3002\u3002", "create_time": "2018-04-30T07:49:52.039Z", "last_updated_time": "2018-04-30T07:49:52.039Z", "author": 1, "blog_type": 4}}, {"model": "blog.blog", "pk": 5, "fields": {"title": "\u6d4b\u8bd5 2", "content": "\u8fd9\u662f\u4e2a\u6d4b\u8bd5\u7528\u535a\u5ba2\u6587\u7ae0\u3002\u3002\u3002", "create_time": "2018-04-30T07:49:52.046Z", "last_updated_time": "2018-04-30T07:49:52.046Z", "author": 1, "blog_type": 4}}, {"model": "blog.blog", "pk": 6, "fields": {"title": "\u6d4b\u8bd5 3", "content": "\u8fd9\u662f\u4e2a\u6d4b\u8bd5\u7528\u535a\u5ba2\u6587\u7ae0\u3002\u3002\u3002", "create_time": "2018-04-30T07:49:52.050Z", "last_updated_time": "2018-04-30T07:49:52.050Z", "author": 1, "blog_type": 4}}, {"model": "blog.blog", "pk": 7, "fields": {"title": "\u6d4b\u8bd5 4", "content": "\u8fd9\u662f\u4e2a\u6d4b\u8bd5\u7528\u535a\u5ba2\u6587\u7ae0\u3002\u3002\u3002", "create_time": "2018-04-30T07:49:52.055Z", "last_updated_time": "2018-04-30T07:49:52.055Z", "author": 1, "blog_type": 4}}, {"model": "blog.blog", "pk": 8, "fields": {"title": "\u6d4b\u8bd5 5", "content": "\u8fd9\u662f\u4e2a\u6d4b\u8bd5\u7528\u535a\u5ba2\u6587\u7ae0\u3002\u3002\u3002", "create_time": "2018-04-30T07:49:52.061Z", "last_updated_time": "2018-04-30T07:49:52.061Z", "author": 1, "blog_type": 4}}, {"model": "blog.blog", "pk": 9, "fields": {"title": "\u6d4b\u8bd5 6", "content": "\u8fd9\u662f\u4e2a\u6d4b\u8bd5\u7528\u535a\u5ba2\u6587\u7ae0\u3002\u3002\u3002", "create_time": "2018-04-30T07:49:52.065Z", "last_updated_time": "2018-04-30T07:49:52.065Z", "author": 1, "blog_type": 4}}, {"model": "blog.blog", "pk": 10, "fields": {"title": "\u6d4b\u8bd5 7", "content": "\u8fd9\u662f\u4e2a\u6d4b\u8bd5\u7528\u535a\u5ba2\u6587\u7ae0\u3002\u3002\u3002", "create_time": "2018-04-30T07:49:52.070Z", "last_updated_time": "2018-04-30T07:49:52.070Z", "author": 1, "blog_type": 4}}, {"model": "blog.blog", "pk": 11, "fields": {"title": "\u6d4b\u8bd5 8", "content": "\u8fd9\u662f\u4e2a\u6d4b\u8bd5\u7528\u535a\u5ba2\u6587\u7ae0\u3002\u3002\u3002", "create_time": "2018-04-30T07:49:52.074Z", "last_updated_time": "2018-04-30T07:49:52.074Z", "author": 1, "blog_type": 4}}, {"model": "blog.blog", "pk": 12, "fields": {"title": "\u6d4b\u8bd5 9", "content": "\u8fd9\u662f\u4e2a\u6d4b\u8bd5\u7528\u535a\u5ba2\u6587\u7ae0\u3002\u3002\u3002", "create_time": "2018-04-30T07:49:52.078Z", "last_updated_time": "2018-04-30T07:49:52.078Z", "author": 1, "blog_type": 4}}, {"model": "blog.blog", "pk": 13, "fields": {"title": "\u6d4b\u8bd5 10", "content": "\u8fd9\u662f\u4e2a\u6d4b\u8bd5\u7528\u535a\u5ba2\u6587\u7ae0\u3002\u3002\u3002", "create_time": "2018-04-30T07:49:52.082Z", "last_updated_time": "2018-04-30T07:49:52.082Z", "author": 1, "blog_type": 4}}, {"model": "blog.blog", "pk": 14, "fields": {"title": "\u6d4b\u8bd5 11", "content": "\u8fd9\u662f\u4e2a\u6d4b\u8bd5\u7528\u535a\u5ba2\u6587\u7ae0\u3002\u3002\u3002", "create_time": "2018-04-30T07:49:52.086Z", "last_updated_time": "2018-04-30T07:49:52.086Z", "author": 1, "blog_type": 4}}, {"model": "blog.blog", "pk": 15, "fields": {"title": "\u6d4b\u8bd5 12", "content": "\u8fd9\u662f\u4e2a\u6d4b\u8bd5\u7528\u535a\u5ba2\u6587\u7ae0\u3002\u3002\u3002", "create_time": "2018-04-30T07:49:52.090Z", "last_updated_time": "2018-04-30T07:49:52.090Z", "author": 1, "blog_type": 4}}, {"model": "blog.blog", "pk": 16, "fields": {"title": "\u6d4b\u8bd5 13", "content": "\u8fd9\u662f\u4e2a\u6d4b\u8bd5\u7528\u535a\u5ba2\u6587\u7ae0\u3002\u3002\u3002", "create_time": "2018-04-30T07:49:52.094Z", "last_updated_time": "2018-04-30T07:49:52.094Z", "author": 1, "blog_type": 4}}, {"model": "blog.blog", "pk": 17, "fields": {"title": "\u6d4b\u8bd5 14", "content": "\u8fd9\u662f\u4e2a\u6d4b\u8bd5\u7528\u535a\u5ba2\u6587\u7ae0\u3002\u3002\u3002", "create_time": "2018-04-30T07:49:52.097Z", "last_updated_time": "2018-04-30T07:49:52.097Z", "author": 1, "blog_type": 4}}, {"model": "blog.blog", "pk": 18, "fields": {"title": "\u6d4b\u8bd5 15", "content": "\u8fd9\u662f\u4e2a\u6d4b\u8bd5\u7528\u535a\u5ba2\u6587\u7ae0\u3002\u3002\u3002", "create_time": "2018-04-30T07:49:52.105Z", "last_updated_time": "2018-04-30T07:49:52.105Z", "author": 1, "blog_type": 4}}, {"model": "blog.blog", "pk": 19, "fields": {"title": "\u6d4b\u8bd5 16", "content": "\u8fd9\u662f\u4e2a\u6d4b\u8bd5\u7528\u535a\u5ba2\u6587\u7ae0\u3002\u3002\u3002", "create_time": "2018-04-30T07:49:52.108Z", "last_updated_time": "2018-04-30T07:49:52.108Z", "author": 1, "blog_type": 4}}, {"model": "blog.blog", "pk": 20, "fields": {"title": "\u6d4b\u8bd5 17", "content": "\u8fd9\u662f\u4e2a\u6d4b\u8bd5\u7528\u535a\u5ba2\u6587\u7ae0\u3002\u3002\u3002", "create_time": "2018-04-30T07:49:52.112Z", "last_updated_time": "2018-04-30T07:49:52.112Z", "author": 1, "blog_type": 4}}, {"model": "blog.blog", "pk": 21, "fields": {"title": "\u6d4b\u8bd5 18", "content": "\u8fd9\u662f\u4e2a\u6d4b\u8bd5\u7528\u535a\u5ba2\u6587\u7ae0\u3002\u3002\u3002", "create_time": "2018-04-30T07:49:52.115Z", "last_updated_time": "2018-04-30T07:49:52.115Z", "author": 1, "blog_type": 4}}, {"model": "blog.blog", "pk": 22, "fields": {"title": "\u6d4b\u8bd5 19", "content": "\u8fd9\u662f\u4e2a\u6d4b\u8bd5\u7528\u535a\u5ba2\u6587\u7ae0\u3002\u3002\u3002", "create_time": "2018-04-30T07:49:52.119Z", "last_updated_time": "2018-04-30T07:49:52.119Z", "author": 1, "blog_type": 4}}, {"model": "blog.blog", "pk": 23, "fields": {"title": "\u6d4b\u8bd5 20", "content": "\u8fd9\u662f\u4e2a\u6d4b\u8bd5\u7528\u535a\u5ba2\u6587\u7ae0\u3002\u3002\u3002", "create_time": "2018-04-30T07:49:52.124Z", "last_updated_time": "2018-04-30T07:49:52.124Z", "author": 1, "blog_type": 4}}, {"model": "blog.blog", "pk": 24, "fields": {"title": "\u6d4b\u8bd5 21", "content": "\u8fd9\u662f\u4e2a\u6d4b\u8bd5\u7528\u535a\u5ba2\u6587\u7ae0\u3002\u3002\u3002", "create_time": "2018-04-30T07:49:52.128Z", "last_updated_time": "2018-04-30T07:49:52.128Z", "author": 1, "blog_type": 4}}, {"model": "blog.blog", "pk": 25, "fields": {"title": "\u6d4b\u8bd5 22", "content": "\u8fd9\u662f\u4e2a\u6d4b\u8bd5\u7528\u535a\u5ba2\u6587\u7ae0\u3002\u3002\u3002", "create_time": "2018-04-30T07:49:52.132Z", "last_updated_time": "2018-04-30T07:49:52.132Z", "author": 1, "blog_type": 4}}, {"model": "blog.blog", "pk": 26, "fields": {"title": "\u6d4b\u8bd5 23", "content": "\u8fd9\u662f\u4e2a\u6d4b\u8bd5\u7528\u535a\u5ba2\u6587\u7ae0\u3002\u3002\u3002", "create_time": "2018-04-30T07:49:52.136Z", "last_updated_time": "2018-04-30T07:49:52.136Z", "author": 1, "blog_type": 4}}, {"model": "blog.blog", "pk": 27, "fields": {"title": "\u6d4b\u8bd5 24", "content": "\u8fd9\u662f\u4e2a\u6d4b\u8bd5\u7528\u535a\u5ba2\u6587\u7ae0\u3002\u3002\u3002", "create_time": "2018-04-30T07:49:52.140Z", "last_updated_time": "2018-04-30T07:49:52.140Z", "author": 1, "blog_type": 4}}, {"model": "blog.blog", "pk": 28, "fields": {"title": "\u6d4b\u8bd5 25", "content": "\u8fd9\u662f\u4e2a\u6d4b\u8bd5\u7528\u535a\u5ba2\u6587\u7ae0\u3002\u3002\u3002", "create_time": "2018-04-30T07:49:52.143Z", "last_updated_time": "2018-04-30T07:49:52.143Z", "author": 1, "blog_type": 4}}, {"model": "blog.blog", "pk": 29, "fields": {"title": "\u6d4b\u8bd5 26", "content": "\u8fd9\u662f\u4e2a\u6d4b\u8bd5\u7528\u535a\u5ba2\u6587\u7ae0\u3002\u3002\u3002", "create_time": "2018-04-30T07:49:52.147Z", "last_updated_time": "2018-04-30T07:49:52.147Z", "author": 1, "blog_type": 4}}, {"model": "blog.blog", "pk": 30, "fields": {"title": "\u6d4b\u8bd5 27", "content": "\u8fd9\u662f\u4e2a\u6d4b\u8bd5\u7528\u535a\u5ba2\u6587\u7ae0\u3002\u3002\u3002", "create_time": "2018-04-30T07:49:52.151Z", "last_updated_time": "2018-04-30T07:49:52.151Z", "author": 1, "blog_type": 4}}, {"model": "blog.blog", "pk": 31, "fields": {"title": "\u6d4b\u8bd5 28", "content": "\u8fd9\u662f\u4e2a\u6d4b\u8bd5\u7528\u535a\u5ba2\u6587\u7ae0\u3002\u3002\u3002", "create_time": "2018-04-30T07:49:52.155Z", "last_updated_time": "2018-04-30T07:49:52.155Z", "author": 1, "blog_type": 4}}, {"model": "blog.blog", "pk": 32, "fields": {"title": "\u6d4b\u8bd5 29", "content": "\u8fd9\u662f\u4e2a\u6d4b\u8bd5\u7528\u535a\u5ba2\u6587\u7ae0\u3002\u3002\u3002", "create_time": "2018-04-30T07:49:52.159Z", "last_updated_time": "2018-04-30T07:49:52.159Z", "author": 1, "blog_type": 4}}, {"model": "blog.blog", "pk": 33, "fields": {"title": "\u6d4b\u8bd5 30", "content": "\u8fd9\u662f\u4e2a\u6d4b\u8bd5\u7528\u535a\u5ba2\u6587\u7ae0\u3002\u3002\u3002", "create_time": "2018-04-30T07:49:52.162Z", "last_updated_time": "2018-04-30T07:49:52.163Z", "author": 1, "blog_type": 4}}, {"model": "blog.blog", "pk": 36, "fields": {"title": "\u65bd\u5de5\u4e2d", "content": "<p>\u6b63\u5728\u65bd\u5de5</p>", "create_time": "2018-05-29T07:59:09.780Z", "last_updated_time": "2018-05-29T07:59:09.780Z", "author": 1, "blog_type": 4}}, {"model": "comment.comment", "pk": 136, "fields": {"content_type": 7, "object_id": 33, "text": "<p>\u6d4b\u8bd5<img alt=\"laugh\" height=\"23\" src=\"http://127.0.0.1:8000/static/ckeditor/ckeditor/plugins/smiley/images/teeth_smile.png\" title=\"laugh\" width=\"23\" /></p>", "comment_time": "2018-05-24T01:04:36.988Z", "user": 1, "root": null, "parent": null, "reply_to": null}}, {"model": "comment.comment", "pk": 137, "fields": {"content_type": 7, "object_id": 33, "text": "<p><img alt=\"wink\" height=\"23\" src=\"http://127.0.0.1:8000/static/ckeditor/ckeditor/plugins/smiley/images/wink_smile.png\" title=\"wink\" width=\"23\" /></p>", "comment_time": "2018-05-24T01:04:47.289Z", "user": 1, "root": 136, "parent": 136, "reply_to": 1}}, {"model": "comment.comment", "pk": 138, "fields": {"content_type": 7, "object_id": 33, "text": "<p><img alt=\"yes\" height=\"23\" src=\"http://127.0.0.1:8000/static/ckeditor/ckeditor/plugins/smiley/images/thumbs_up.png\" title=\"yes\" width=\"23\" /></p>", "comment_time": "2018-05-24T01:05:37.454Z", "user": 2, "root": 136, "parent": 136, "reply_to": 1}}, {"model": "comment.comment", "pk": 139, "fields": {"content_type": 7, "object_id": 14, "text": "<p><img alt=\"smiley\" height=\"23\" src=\"http://127.0.0.1:8000/static/ckeditor/ckeditor/plugins/smiley/images/regular_smile.png\" title=\"smiley\" width=\"23\" /></p>", "comment_time": "2018-05-25T08:47:58.896Z", "user": 2, "root": null, "parent": null, "reply_to": null}}, {"model": "comment.comment", "pk": 140, "fields": {"content_type": 7, "object_id": 14, "text": "<p><img alt=\"frown\" height=\"23\" src=\"http://127.0.0.1:8000/static/ckeditor/ckeditor/plugins/smiley/images/confused_smile.png\" title=\"frown\" width=\"23\" /></p>", "comment_time": "2018-05-25T08:48:06.969Z", "user": 2, "root": 139, "parent": 139, "reply_to": 2}}, {"model": "comment.comment", "pk": 141, "fields": {"content_type": 7, "object_id": 33, "text": "<p>\u6d4b\u8bd5</p>", "comment_time": "2018-05-25T16:34:42.041Z", "user": 1, "root": null, "parent": null, "reply_to": null}}, {"model": "comment.comment", "pk": 142, "fields": {"content_type": 7, "object_id": 33, "text": "<p><img alt=\"wink\" height=\"23\" src=\"http://127.0.0.1:8000/static/ckeditor/ckeditor/plugins/smiley/images/wink_smile.png\" title=\"wink\" width=\"23\" /></p>", "comment_time": "2018-05-25T16:34:50.652Z", "user": 1, "root": 141, "parent": 141, "reply_to": 1}}, {"model": "comment.comment", "pk": 147, "fields": {"content_type": 7, "object_id": 1, "text": "<p><img alt=\"yes\" height=\"23\" src=\"http://127.0.0.1:8000/static/ckeditor/ckeditor/plugins/smiley/images/thumbs_up.png\" title=\"yes\" width=\"23\" /></p>", "comment_time": "2018-05-27T04:23:44.961Z", "user": 6, "root": null, "parent": null, "reply_to": null}}, {"model": "comment.comment", "pk": 148, "fields": {"content_type": 7, "object_id": 1, "text": "<p><img alt=\"wink\" height=\"23\" src=\"http://127.0.0.1:8000/static/ckeditor/ckeditor/plugins/smiley/images/wink_smile.png\" title=\"wink\" width=\"23\" /></p>", "comment_time": "2018-05-27T04:23:52.649Z", "user": 6, "root": 147, "parent": 147, "reply_to": 6}}, {"model": "comment.comment", "pk": 149, "fields": {"content_type": 7, "object_id": 1, "text": "<p><img alt=\"laugh\" height=\"23\" src=\"http://127.0.0.1:8000/static/ckeditor/ckeditor/plugins/smiley/images/teeth_smile.png\" title=\"laugh\" width=\"23\" /></p>", "comment_time": "2018-05-27T15:41:57.216Z", "user": 1, "root": null, "parent": null, "reply_to": null}}, {"model": "comment.comment", "pk": 150, "fields": {"content_type": 7, "object_id": 1, "text": "<p><img alt=\"smiley\" height=\"23\" src=\"http://127.0.0.1:8000/static/ckeditor/ckeditor/plugins/smiley/images/regular_smile.png\" title=\"smiley\" width=\"23\" /></p>", "comment_time": "2018-05-27T15:42:08.991Z", "user": 1, "root": 149, "parent": 149, "reply_to": 1}}, {"model": "comment.comment", "pk": 152, "fields": {"content_type": 7, "object_id": 32, "text": "<p><img alt=\"smiley\" height=\"23\" src=\"http://127.0.0.1:8000/static/ckeditor/ckeditor/plugins/smiley/images/regular_smile.png\" title=\"smiley\" width=\"23\" /></p>", "comment_time": "2018-05-28T07:15:59.376Z", "user": 1, "root": null, "parent": null, "reply_to": null}}, {"model": "comment.comment", "pk": 153, "fields": {"content_type": 7, "object_id": 32, "text": "<p><img alt=\"yes\" height=\"23\" src=\"http://127.0.0.1:8000/static/ckeditor/ckeditor/plugins/smiley/images/thumbs_up.png\" title=\"yes\" width=\"23\" /></p>", "comment_time": "2018-05-28T07:16:07.141Z", "user": 1, "root": 152, "parent": 152, "reply_to": 1}}, {"model": "comment.comment", "pk": 154, "fields": {"content_type": 7, "object_id": 32, "text": "<p><img alt=\"heart\" height=\"23\" src=\"http://127.0.0.1:8000/static/ckeditor/ckeditor/plugins/smiley/images/heart.png\" title=\"heart\" width=\"23\" /></p>", "comment_time": "2018-05-28T07:17:19.044Z", "user": 2, "root": 152, "parent": 152, "reply_to": 1}}, {"model": "comment.comment", "pk": 155, "fields": {"content_type": 7, "object_id": 32, "text": "<p>\u6d4b\u8bd5</p>", "comment_time": "2018-05-28T07:17:39.881Z", "user": 2, "root": null, "parent": null, "reply_to": null}}, {"model": "comment.comment", "pk": 156, "fields": {"content_type": 7, "object_id": 32, "text": "<p><img alt=\"smiley\" height=\"23\" src=\"http://127.0.0.1:8000/static/ckeditor/ckeditor/plugins/smiley/images/regular_smile.png\" title=\"smiley\" width=\"23\" /></p>", "comment_time": "2018-05-28T07:17:57.915Z", "user": 2, "root": 155, "parent": 155, "reply_to": 2}}, {"model": "comment.comment", "pk": 157, "fields": {"content_type": 7, "object_id": 36, "text": "<p>\u6d4b\u8bd5<img alt=\"smiley\" height=\"23\" src=\"http://127.0.0.1:8000/static/ckeditor/ckeditor/plugins/smiley/images/regular_smile.png\" title=\"smiley\" width=\"23\" /></p>", "comment_time": "2018-05-29T08:00:13.969Z", "user": 1, "root": null, "parent": null, "reply_to": null}}, {"model": "comment.comment", "pk": 158, "fields": {"content_type": 7, "object_id": 36, "text": "<p><img alt=\"yes\" height=\"23\" src=\"http://127.0.0.1:8000/static/ckeditor/ckeditor/plugins/smiley/images/thumbs_up.png\" title=\"yes\" width=\"23\" /></p>", "comment_time": "2018-05-29T08:01:37.826Z", "user": 2, "root": 157, "parent": 157, "reply_to": 1}}, {"model": "comment.comment", "pk": 159, "fields": {"content_type": 7, "object_id": 36, "text": "<p><img alt=\"heart\" height=\"23\" src=\"http://127.0.0.1:8000/static/ckeditor/ckeditor/plugins/smiley/images/heart.png\" title=\"heart\" width=\"23\" /></p>", "comment_time": "2018-05-29T08:03:29.054Z", "user": 1, "root": 157, "parent": 158, "reply_to": 2}}, {"model": "comment.comment", "pk": 160, "fields": {"content_type": 7, "object_id": 33, "text": "<p><img alt=\"heart\" height=\"23\" src=\"http://127.0.0.1:8000/static/ckeditor/ckeditor/plugins/smiley/images/heart.png\" title=\"heart\" width=\"23\" /></p>", "comment_time": "2018-05-30T22:09:29.384Z", "user": 1, "root": 136, "parent": 138, "reply_to": 2}}, {"model": "comment.comment", "pk": 161, "fields": {"content_type": 7, "object_id": 36, "text": "<p><img alt=\"smiley\" height=\"23\" src=\"http://127.0.0.1:8000/static/ckeditor/ckeditor/plugins/smiley/images/regular_smile.png\" title=\"smiley\" width=\"23\" /></p>", "comment_time": "2018-05-30T23:26:29.976Z", "user": 1, "root": null, "parent": null, "reply_to": null}}, {"model": "comment.comment", "pk": 162, "fields": {"content_type": 7, "object_id": 36, "text": "<p><img alt=\"smiley\" height=\"23\" src=\"http://127.0.0.1:8000/static/ckeditor/ckeditor/plugins/smiley/images/regular_smile.png\" title=\"smiley\" width=\"23\" /></p>", "comment_time": "2018-05-30T23:28:12.038Z", "user": 1, "root": null, "parent": null, "reply_to": null}}, {"model": "comment.comment", "pk": 163, "fields": {"content_type": 7, "object_id": 36, "text": "<p><img alt=\"yes\" height=\"23\" src=\"http://127.0.0.1:8000/static/ckeditor/ckeditor/plugins/smiley/images/thumbs_up.png\" title=\"yes\" width=\"23\" /></p>", "comment_time": "2018-05-30T23:28:27.801Z", "user": 1, "root": 162, "parent": 162, "reply_to": 1}}, {"model": "comment.comment", "pk": 164, "fields": {"content_type": 7, "object_id": 36, "text": "<p>ceshi</p>", "comment_time": "2018-06-14T05:49:17.223Z", "user": 1, "root": null, "parent": null, "reply_to": null}}, {"model": "comment.comment", "pk": 165, "fields": {"content_type": 7, "object_id": 36, "text": "<p><img alt=\"smiley\" height=\"23\" src=\"http://127.0.0.1:8000/static/ckeditor/ckeditor/plugins/smiley/images/regular_smile.png\" title=\"smiley\" width=\"23\" /></p>", "comment_time": "2018-06-14T05:49:24.776Z", "user": 1, "root": 164, "parent": 164, "reply_to": 1}}, {"model": "comment.comment", "pk": 166, "fields": {"content_type": 7, "object_id": 19, "text": "<p><img alt=\"smiley\" height=\"23\" src=\"http://127.0.0.1:8000/static/ckeditor/ckeditor/plugins/smiley/images/regular_smile.png\" title=\"smiley\" width=\"23\" /></p>", "comment_time": "2018-06-21T08:44:35.697Z", "user": 1, "root": null, "parent": null, "reply_to": null}}, {"model": "comment.comment", "pk": 167, "fields": {"content_type": 7, "object_id": 19, "text": "<p><img alt=\"cheeky\" height=\"23\" src=\"http://127.0.0.1:8000/static/ckeditor/ckeditor/plugins/smiley/images/tongue_smile.png\" title=\"cheeky\" width=\"23\" /></p>", "comment_time": "2018-06-21T08:44:41.209Z", "user": 1, "root": 166, "parent": 166, "reply_to": 1}}, {"model": "comment.comment", "pk": 168, "fields": {"content_type": 7, "object_id": 36, "text": "<p>\u63a5\u7740\u5f00\u53d1</p>", "comment_time": "2018-07-04T10:11:17.944Z", "user": 1, "root": null, "parent": null, "reply_to": null}}, {"model": "comment.comment", "pk": 169, "fields": {"content_type": 7, "object_id": 36, "text": "<p>\u52a0\u6cb9</p>", "comment_time": "2018-07-04T10:11:31.450Z", "user": 1, "root": 168, "parent": 168, "reply_to": 1}}, {"model": "comment.comment", "pk": 170, "fields": {"content_type": 7, "object_id": 28, "text": "<p>ceshi</p>", "comment_time": "2018-07-23T02:04:51.610Z", "user": 1, "root": null, "parent": null, "reply_to": null}}, {"model": "comment.comment", "pk": 171, "fields": {"content_type": 7, "object_id": 28, "text": "<p><img alt=\"smiley\" height=\"23\" src=\"http://127.0.0.1:8000/static/ckeditor/ckeditor/plugins/smiley/images/regular_smile.png\" title=\"smiley\" width=\"23\" /></p>", "comment_time": "2018-07-23T02:05:04.172Z", "user": 1, "root": 170, "parent": 170, "reply_to": 1}}, {"model": "comment.comment", "pk": 172, "fields": {"content_type": 7, "object_id": 36, "text": "<p>\u6d4b\u8bd5</p>", "comment_time": "2018-07-23T02:23:07.469Z", "user": 2, "root": null, "parent": null, "reply_to": null}}, {"model": "comment.comment", "pk": 173, "fields": {"content_type": 7, "object_id": 36, "text": "<p><img alt=\"wink\" height=\"23\" src=\"http://127.0.0.1:8000/static/ckeditor/ckeditor/plugins/smiley/images/wink_smile.png\" title=\"wink\" width=\"23\" /></p>", "comment_time": "2018-07-23T02:23:16.494Z", "user": 2, "root": 172, "parent": 172, "reply_to": 2}}, {"model": "comment.comment", "pk": 174, "fields": {"content_type": 7, "object_id": 36, "text": "<p>\u6d4b\u8bd5</p>", "comment_time": "2018-07-24T14:03:52.723Z", "user": 7, "root": null, "parent": null, "reply_to": null}}, {"model": "comment.comment", "pk": 175, "fields": {"content_type": 7, "object_id": 36, "text": "<p><img alt=\"laugh\" height=\"23\" src=\"http://127.0.0.1:8000/static/ckeditor/ckeditor/plugins/smiley/images/teeth_smile.png\" title=\"laugh\" width=\"23\" /></p>", "comment_time": "2018-07-24T14:04:02.495Z", "user": 7, "root": 174, "parent": 174, "reply_to": 7}}, {"model": "comment.comment", "pk": 176, "fields": {"content_type": 7, "object_id": 36, "text": "<p>\u3002\u3002\u3002\u3002</p>", "comment_time": "2018-07-24T14:24:13.877Z", "user": 7, "root": null, "parent": null, "reply_to": null}}, {"model": "comment.comment", "pk": 177, "fields": {"content_type": 7, "object_id": 36, "text": "<p><img alt=\"laugh\" height=\"23\" src=\"http://127.0.0.1:8000/static/ckeditor/ckeditor/plugins/smiley/images/teeth_smile.png\" title=\"laugh\" width=\"23\" /></p>", "comment_time": "2018-07-25T15:31:20.416Z", "user": 2, "root": null, "parent": null, "reply_to": null}}, {"model": "comment.comment", "pk": 178, "fields": {"content_type": 7, "object_id": 36, "text": "<p><img alt=\"cheeky\" height=\"23\" src=\"http://127.0.0.1:8000/static/ckeditor/ckeditor/plugins/smiley/images/tongue_smile.png\" title=\"cheeky\" width=\"23\" /></p>", "comment_time": "2018-07-25T15:31:27.477Z", "user": 2, "root": 177, "parent": 177, "reply_to": 2}}, {"model": "comment.comment", "pk": 179, "fields": {"content_type": 7, "object_id": 36, "text": "<p>\u3002\u3002\u3002\u3002\u3002\u3002</p>", "comment_time": "2018-07-26T05:42:40.559Z", "user": 7, "root": null, "parent": null, "reply_to": null}}, {"model": "comment.comment", "pk": 180, "fields": {"content_type": 7, "object_id": 36, "text": "<p><img alt=\"sad\" height=\"23\" src=\"http://127.0.0.1:8000/static/ckeditor/ckeditor/plugins/smiley/images/sad_smile.png\" title=\"sad\" width=\"23\" /></p>", "comment_time": "2018-07-26T05:43:07.968Z", "user": 7, "root": 179, "parent": 179, "reply_to": 7}}, {"model": "comment.comment", "pk": 181, "fields": {"content_type": 7, "object_id": 36, "text": "<p>\u5b8c\u6210\u4fee\u6539\u5bc6\u7801\u548c\u5fd8\u8bb0\u5bc6\u7801</p>", "comment_time": "2018-07-26T08:25:43.053Z", "user": 2, "root": null, "parent": null, "reply_to": null}}, {"model": "comment.comment", "pk": 182, "fields": {"content_type": 7, "object_id": 36, "text": "<p><img alt=\"smiley\" height=\"23\" src=\"http://127.0.0.1:8000/static/ckeditor/ckeditor/plugins/smiley/images/regular_smile.png\" title=\"smiley\" width=\"23\" /></p>", "comment_time": "2018-07-26T08:25:55.312Z", "user": 2, "root": 181, "parent": 181, "reply_to": 2}}, {"model": "comment.comment", "pk": 183, "fields": {"content_type": 7, "object_id": 36, "text": "<p><img alt=\"smiley\" height=\"23\" src=\"http://127.0.0.1:8000/static/ckeditor/ckeditor/plugins/smiley/images/regular_smile.png\" title=\"smiley\" width=\"23\" /></p>", "comment_time": "2018-07-27T00:49:03.327Z", "user": 2, "root": null, "parent": null, "reply_to": null}}, {"model": "comment.comment", "pk": 184, "fields": {"content_type": 7, "object_id": 36, "text": "<p>\u6d4b\u8bd5\u8bc4\u8bba\u53d1\u9001\u90ae\u4ef6\u901a\u77e5</p>", "comment_time": "2018-07-27T03:21:13.735Z", "user": 2, "root": null, "parent": null, "reply_to": null}}, {"model": "comment.comment", "pk": 185, "fields": {"content_type": 7, "object_id": 36, "text": "<p>\u6d4b\u8bd5\u8bc4\u8bba\u53d1\u9001\u90ae\u4ef6\u901a\u77e5</p>", "comment_time": "2018-07-27T03:28:31.676Z", "user": 2, "root": null, "parent": null, "reply_to": null}}, {"model": "comment.comment", "pk": 186, "fields": {"content_type": 7, "object_id": 36, "text": "<p>\u6d4b\u8bd5html\u90ae\u4ef6</p>", "comment_time": "2018-07-27T06:41:53.389Z", "user": 2, "root": null, "parent": null, "reply_to": null}}, {"model": "comment.comment", "pk": 187, "fields": {"content_type": 7, "object_id": 36, "text": "<p>\u53d1\u5e03\u524d\u6d4b\u8bd5</p>", "comment_time": "2018-07-27T08:43:31.951Z", "user": 2, "root": null, "parent": null, "reply_to": null}}, {"model": "comment.comment", "pk": 188, "fields": {"content_type": 7, "object_id": 36, "text": "<p>\u53d1\u5e03\u524d\u6d4b\u8bd5</p>", "comment_time": "2018-07-27T08:43:42.734Z", "user": 2, "root": 187, "parent": 187, "reply_to": 2}}, {"model": "likes.likerecord", "pk": 95, "fields": {"content_type": 11, "object_id": 136, "user": 1, "liked_time": "2018-05-24T01:05:00.935Z"}}, {"model": "likes.likerecord", "pk": 97, "fields": {"content_type": 11, "object_id": 136, "user": 2, "liked_time": "2018-05-24T01:05:43.082Z"}}, {"model": "likes.likerecord", "pk": 99, "fields": {"content_type": 11, "object_id": 141, "user": 1, "liked_time": "2018-05-25T16:34:44.745Z"}}, {"model": "likes.likerecord", "pk": 100, "fields": {"content_type": 11, "object_id": 142, "user": 1, "liked_time": "2018-05-25T16:34:53.887Z"}}, {"model": "likes.likerecord", "pk": 101, "fields": {"content_type": 11, "object_id": 143, "user": 1, "liked_time": "2018-05-27T01:38:43.070Z"}}, {"model": "likes.likerecord", "pk": 102, "fields": {"content_type": 11, "object_id": 145, "user": 1, "liked_time": "2018-05-27T03:53:44.286Z"}}, {"model": "likes.likerecord", "pk": 103, "fields": {"content_type": 11, "object_id": 146, "user": 1, "liked_time": "2018-05-27T03:53:50.874Z"}}, {"model": "likes.likerecord", "pk": 104, "fields": {"content_type": 11, "object_id": 147, "user": 6, "liked_time": "2018-05-27T04:23:46.938Z"}}, {"model": "likes.likerecord", "pk": 106, "fields": {"content_type": 11, "object_id": 149, "user": 1, "liked_time": "2018-05-27T15:42:03.348Z"}}, {"model": "likes.likerecord", "pk": 107, "fields": {"content_type": 11, "object_id": 150, "user": 1, "liked_time": "2018-05-27T15:42:11.384Z"}}, {"model": "likes.likerecord", "pk": 109, "fields": {"content_type": 11, "object_id": 147, "user": 1, "liked_time": "2018-05-27T15:42:20.205Z"}}, {"model": "likes.likerecord", "pk": 110, "fields": {"content_type": 11, "object_id": 152, "user": 1, "liked_time": "2018-05-28T07:16:01.356Z"}}, {"model": "likes.likerecord", "pk": 111, "fields": {"content_type": 11, "object_id": 153, "user": 1, "liked_time": "2018-05-28T07:16:09.261Z"}}, {"model": "likes.likerecord", "pk": 113, "fields": {"content_type": 11, "object_id": 152, "user": 2, "liked_time": "2018-05-28T07:17:11.256Z"}}, {"model": "likes.likerecord", "pk": 114, "fields": {"content_type": 11, "object_id": 155, "user": 2, "liked_time": "2018-05-28T07:17:50.709Z"}}, {"model": "likes.likerecord", "pk": 115, "fields": {"content_type": 11, "object_id": 141, "user": 2, "liked_time": "2018-05-29T07:48:18.731Z"}}, {"model": "likes.likerecord", "pk": 116, "fields": {"content_type": 11, "object_id": 157, "user": 1, "liked_time": "2018-05-29T08:00:19.545Z"}}, {"model": "likes.likerecord", "pk": 117, "fields": {"content_type": 11, "object_id": 158, "user": 1, "liked_time": "2018-05-29T08:03:22.502Z"}}, {"model": "likes.likerecord", "pk": 118, "fields": {"content_type": 11, "object_id": 138, "user": 1, "liked_time": "2018-05-30T22:09:32.374Z"}}, {"model": "likes.likerecord", "pk": 120, "fields": {"content_type": 7, "object_id": 19, "user": 1, "liked_time": "2018-06-21T08:44:29.317Z"}}, {"model": "likes.likerecord", "pk": 123, "fields": {"content_type": 11, "object_id": 168, "user": 1, "liked_time": "2018-07-04T10:11:23.438Z"}}, {"model": "likes.likerecord", "pk": 135, "fields": {"content_type": 7, "object_id": 36, "user": 7, "liked_time": "2018-07-26T05:42:31.714Z"}}, {"model": "likes.likerecord", "pk": 137, "fields": {"content_type": 11, "object_id": 181, "user": 2, "liked_time": "2018-07-26T08:25:48.142Z"}}, {"model": "likes.likerecord", "pk": 138, "fields": {"content_type": 7, "object_id": 36, "user": 2, "liked_time": "2018-07-27T00:48:50.362Z"}}, {"model": "likes.likerecord", "pk": 139, "fields": {"content_type": 11, "object_id": 187, "user": 2, "liked_time": "2018-07-27T08:43:45.328Z"}}, {"model": "likes.likerecord", "pk": 140, "fields": {"content_type": 11, "object_id": 188, "user": 2, "liked_time": "2018-07-27T08:43:46.785Z"}}, {"model": "user.profile", "pk": 1, "fields": {"user": 1, "nickname": "\u8bb8\u742a\u660e"}}, {"model": "user.profile", "pk": 2, "fields": {"user": 2, "nickname": "\u6d4b\u8bd5\u7528\u6237"}}, {"model": "user.profile", "pk": 3, "fields": {"user": 7, "nickname": "\u80dc\u8005"}}, {"model": "admin.logentry", "pk": 1, "fields": {"action_time": "2018-04-23T09:26:57.557Z", "user": 1, "content_type": 8, "object_id": "1", "object_repr": "\u6280\u672f", "action_flag": 1, "change_message": "[{\"added\": {}}]"}}, {"model": "admin.logentry", "pk": 2, "fields": {"action_time": "2018-04-23T09:27:48.929Z", "user": 1, "content_type": 7, "object_id": "1", "object_repr": "<Blog: django1>", "action_flag": 1, "change_message": "[{\"added\": {}}]"}}, {"model": "admin.logentry", "pk": 3, "fields": {"action_time": "2018-04-29T09:22:36.761Z", "user": 1, "content_type": 8, "object_id": "2", "object_repr": "\u6e38\u620f", "action_flag": 1, "change_message": "[{\"added\": {}}]"}}, {"model": "admin.logentry", "pk": 4, "fields": {"action_time": "2018-04-29T09:22:44.616Z", "user": 1, "content_type": 8, "object_id": "3", "object_repr": "\u968f\u7b14", "action_flag": 1, "change_message": "[{\"added\": {}}]"}}, {"model": "admin.logentry", "pk": 5, "fields": {"action_time": "2018-04-30T02:41:33.149Z", "user": 1, "content_type": 8, "object_id": "4", "object_repr": "\u5176\u4ed6", "action_flag": 1, "change_message": "[{\"added\": {}}]"}}, {"model": "admin.logentry", "pk": 6, "fields": {"action_time": "2018-04-30T03:53:38.318Z", "user": 1, "content_type": 7, "object_id": "1", "object_repr": "<Blog: django>", "action_flag": 2, "change_message": "[{\"changed\": {\"fields\": [\"title\", \"content\"]}}]"}}, {"model": "admin.logentry", "pk": 7, "fields": {"action_time": "2018-04-30T07:17:36.069Z", "user": 1, "content_type": 7, "object_id": "2", "object_repr": "<Blog: \u4efb\u5929\u5802labo>", "action_flag": 1, "change_message": "[{\"added\": {}}]"}}, {"model": "admin.logentry", "pk": 8, "fields": {"action_time": "2018-05-03T04:03:33.330Z", "user": 1, "content_type": 7, "object_id": "34", "object_repr": "<Blog: \u65bd\u5de5\u4e2d>", "action_flag": 1, "change_message": "[{\"added\": {}}]"}}, {"model": "admin.logentry", "pk": 9, "fields": {"action_time": "2018-05-04T07:53:05.928Z", "user": 1, "content_type": 7, "object_id": "1", "object_repr": "<Blog: django>", "action_flag": 2, "change_message": "[{\"changed\": {\"fields\": [\"content\"]}}]"}}, {"model": "admin.logentry", "pk": 10, "fields": {"action_time": "2018-05-04T08:00:53.642Z", "user": 1, "content_type": 7, "object_id": "2", "object_repr": "<Blog: \u4efb\u5929\u5802labo>", "action_flag": 2, "change_message": "[{\"changed\": {\"fields\": [\"content\"]}}]"}}, {"model": "admin.logentry", "pk": 11, "fields": {"action_time": "2018-05-05T12:57:28.498Z", "user": 1, "content_type": 9, "object_id": "1", "object_repr": "ReadNum object (1)", "action_flag": 1, "change_message": "[{\"added\": {}}]"}}, {"model": "admin.logentry", "pk": 12, "fields": {"action_time": "2018-05-05T13:11:33.695Z", "user": 1, "content_type": 9, "object_id": "1", "object_repr": "ReadNum object (1)", "action_flag": 2, "change_message": "[{\"changed\": {\"fields\": [\"read_num\"]}}]"}}, {"model": "admin.logentry", "pk": 13, "fields": {"action_time": "2018-05-05T13:22:13.822Z", "user": 1, "content_type": 9, "object_id": "1", "object_repr": "ReadNum object (1)", "action_flag": 2, "change_message": "[{\"changed\": {\"fields\": [\"object_id\"]}}]"}}, {"model": "admin.logentry", "pk": 14, "fields": {"action_time": "2018-05-07T07:40:51.426Z", "user": 1, "content_type": 10, "object_id": "1", "object_repr": "ReadDetail object (1)", "action_flag": 1, "change_message": "[{\"added\": {}}]"}}, {"model": "admin.logentry", "pk": 15, "fields": {"action_time": "2018-05-07T07:42:12.783Z", "user": 1, "content_type": 10, "object_id": "1", "object_repr": "ReadDetail object (1)", "action_flag": 3, "change_message": ""}}, {"model": "admin.logentry", "pk": 16, "fields": {"action_time": "2018-05-09T02:31:05.789Z", "user": 1, "content_type": 10, "object_id": "10", "object_repr": "ReadDetail object (10)", "action_flag": 1, "change_message": "[{\"added\": {}}]"}}, {"model": "admin.logentry", "pk": 17, "fields": {"action_time": "2018-05-09T02:31:55.214Z", "user": 1, "content_type": 10, "object_id": "10", "object_repr": "ReadDetail object (10)", "action_flag": 3, "change_message": ""}}, {"model": "admin.logentry", "pk": 18, "fields": {"action_time": "2018-05-16T04:40:41.881Z", "user": 1, "content_type": 11, "object_id": "41", "object_repr": "Comment object (41)", "action_flag": 3, "change_message": ""}}, {"model": "admin.logentry", "pk": 19, "fields": {"action_time": "2018-05-16T04:40:41.887Z", "user": 1, "content_type": 11, "object_id": "40", "object_repr": "Comment object (40)", "action_flag": 3, "change_message": ""}}, {"model": "admin.logentry", "pk": 20, "fields": {"action_time": "2018-05-16T04:40:41.891Z", "user": 1, "content_type": 11, "object_id": "39", "object_repr": "Comment object (39)", "action_flag": 3, "change_message": ""}}, {"model": "admin.logentry", "pk": 21, "fields": {"action_time": "2018-05-16T04:40:41.894Z", "user": 1, "content_type": 11, "object_id": "38", "object_repr": "Comment object (38)", "action_flag": 3, "change_message": ""}}, {"model": "admin.logentry", "pk": 22, "fields": {"action_time": "2018-05-16T04:40:41.897Z", "user": 1, "content_type": 11, "object_id": "37", "object_repr": "Comment object (37)", "action_flag": 3, "change_message": ""}}, {"model": "admin.logentry", "pk": 23, "fields": {"action_time": "2018-05-16T04:40:41.901Z", "user": 1, "content_type": 11, "object_id": "36", "object_repr": "Comment object (36)", "action_flag": 3, "change_message": ""}}, {"model": "admin.logentry", "pk": 24, "fields": {"action_time": "2018-05-16T04:40:41.903Z", "user": 1, "content_type": 11, "object_id": "35", "object_repr": "Comment object (35)", "action_flag": 3, "change_message": ""}}, {"model": "admin.logentry", "pk": 25, "fields": {"action_time": "2018-05-16T04:40:41.906Z", "user": 1, "content_type": 11, "object_id": "34", "object_repr": "Comment object (34)", "action_flag": 3, "change_message": ""}}, {"model": "admin.logentry", "pk": 26, "fields": {"action_time": "2018-05-16T04:40:41.909Z", "user": 1, "content_type": 11, "object_id": "33", "object_repr": "Comment object (33)", "action_flag": 3, "change_message": ""}}, {"model": "admin.logentry", "pk": 27, "fields": {"action_time": "2018-05-16T04:40:41.912Z", "user": 1, "content_type": 11, "object_id": "32", "object_repr": "Comment object (32)", "action_flag": 3, "change_message": ""}}, {"model": "admin.logentry", "pk": 28, "fields": {"action_time": "2018-05-16T04:40:41.916Z", "user": 1, "content_type": 11, "object_id": "31", "object_repr": "Comment object (31)", "action_flag": 3, "change_message": ""}}, {"model": "admin.logentry", "pk": 29, "fields": {"action_time": "2018-05-16T04:40:41.918Z", "user": 1, "content_type": 11, "object_id": "30", "object_repr": "Comment object (30)", "action_flag": 3, "change_message": ""}}, {"model": "admin.logentry", "pk": 30, "fields": {"action_time": "2018-05-16T04:40:41.920Z", "user": 1, "content_type": 11, "object_id": "29", "object_repr": "Comment object (29)", "action_flag": 3, "change_message": ""}}, {"model": "admin.logentry", "pk": 31, "fields": {"action_time": "2018-05-16T04:40:41.923Z", "user": 1, "content_type": 11, "object_id": "28", "object_repr": "Comment object (28)", "action_flag": 3, "change_message": ""}}, {"model": "admin.logentry", "pk": 32, "fields": {"action_time": "2018-05-16T04:40:41.925Z", "user": 1, "content_type": 11, "object_id": "27", "object_repr": "Comment object (27)", "action_flag": 3, "change_message": ""}}, {"model": "admin.logentry", "pk": 33, "fields": {"action_time": "2018-05-16T04:40:41.927Z", "user": 1, "content_type": 11, "object_id": "26", "object_repr": "Comment object (26)", "action_flag": 3, "change_message": ""}}, {"model": "admin.logentry", "pk": 34, "fields": {"action_time": "2018-05-16T04:40:41.932Z", "user": 1, "content_type": 11, "object_id": "25", "object_repr": "Comment object (25)", "action_flag": 3, "change_message": ""}}, {"model": "admin.logentry", "pk": 35, "fields": {"action_time": "2018-05-16T04:40:41.938Z", "user": 1, "content_type": 11, "object_id": "24", "object_repr": "Comment object (24)", "action_flag": 3, "change_message": ""}}, {"model": "admin.logentry", "pk": 36, "fields": {"action_time": "2018-05-16T04:40:41.943Z", "user": 1, "content_type": 11, "object_id": "23", "object_repr": "Comment object (23)", "action_flag": 3, "change_message": ""}}, {"model": "admin.logentry", "pk": 37, "fields": {"action_time": "2018-05-16T04:40:41.948Z", "user": 1, "content_type": 11, "object_id": "22", "object_repr": "Comment object (22)", "action_flag": 3, "change_message": ""}}, {"model": "admin.logentry", "pk": 38, "fields": {"action_time": "2018-05-16T04:40:41.950Z", "user": 1, "content_type": 11, "object_id": "21", "object_repr": "Comment object (21)", "action_flag": 3, "change_message": ""}}, {"model": "admin.logentry", "pk": 39, "fields": {"action_time": "2018-05-16T04:40:41.955Z", "user": 1, "content_type": 11, "object_id": "20", "object_repr": "Comment object (20)", "action_flag": 3, "change_message": ""}}, {"model": "admin.logentry", "pk": 40, "fields": {"action_time": "2018-05-16T04:40:41.957Z", "user": 1, "content_type": 11, "object_id": "19", "object_repr": "Comment object (19)", "action_flag": 3, "change_message": ""}}, {"model": "admin.logentry", "pk": 41, "fields": {"action_time": "2018-05-16T04:40:41.962Z", "user": 1, "content_type": 11, "object_id": "18", "object_repr": "Comment object (18)", "action_flag": 3, "change_message": ""}}, {"model": "admin.logentry", "pk": 42, "fields": {"action_time": "2018-05-16T04:40:41.966Z", "user": 1, "content_type": 11, "object_id": "17", "object_repr": "Comment object (17)", "action_flag": 3, "change_message": ""}}, {"model": "admin.logentry", "pk": 43, "fields": {"action_time": "2018-05-16T04:40:41.968Z", "user": 1, "content_type": 11, "object_id": "16", "object_repr": "Comment object (16)", "action_flag": 3, "change_message": ""}}, {"model": "admin.logentry", "pk": 44, "fields": {"action_time": "2018-05-16T04:40:41.971Z", "user": 1, "content_type": 11, "object_id": "15", "object_repr": "Comment object (15)", "action_flag": 3, "change_message": ""}}, {"model": "admin.logentry", "pk": 45, "fields": {"action_time": "2018-05-16T04:40:41.973Z", "user": 1, "content_type": 11, "object_id": "14", "object_repr": "Comment object (14)", "action_flag": 3, "change_message": ""}}, {"model": "admin.logentry", "pk": 46, "fields": {"action_time": "2018-05-16T04:40:41.977Z", "user": 1, "content_type": 11, "object_id": "13", "object_repr": "Comment object (13)", "action_flag": 3, "change_message": ""}}, {"model": "admin.logentry", "pk": 47, "fields": {"action_time": "2018-05-16T04:40:41.982Z", "user": 1, "content_type": 11, "object_id": "12", "object_repr": "Comment object (12)", "action_flag": 3, "change_message": ""}}, {"model": "admin.logentry", "pk": 48, "fields": {"action_time": "2018-05-16T04:40:41.984Z", "user": 1, "content_type": 11, "object_id": "11", "object_repr": "Comment object (11)", "action_flag": 3, "change_message": ""}}, {"model": "admin.logentry", "pk": 49, "fields": {"action_time": "2018-05-16T04:40:41.987Z", "user": 1, "content_type": 11, "object_id": "10", "object_repr": "Comment object (10)", "action_flag": 3, "change_message": ""}}, {"model": "admin.logentry", "pk": 50, "fields": {"action_time": "2018-05-16T04:40:41.989Z", "user": 1, "content_type": 11, "object_id": "9", "object_repr": "Comment object (9)", "action_flag": 3, "change_message": ""}}, {"model": "admin.logentry", "pk": 51, "fields": {"action_time": "2018-05-16T04:40:41.991Z", "user": 1, "content_type": 11, "object_id": "8", "object_repr": "Comment object (8)", "action_flag": 3, "change_message": ""}}, {"model": "admin.logentry", "pk": 52, "fields": {"action_time": "2018-05-16T04:40:41.993Z", "user": 1, "content_type": 11, "object_id": "7", "object_repr": "Comment object (7)", "action_flag": 3, "change_message": ""}}, {"model": "admin.logentry", "pk": 53, "fields": {"action_time": "2018-05-16T04:40:41.996Z", "user": 1, "content_type": 11, "object_id": "6", "object_repr": "Comment object (6)", "action_flag": 3, "change_message": ""}}, {"model": "admin.logentry", "pk": 54, "fields": {"action_time": "2018-05-16T04:40:41.998Z", "user": 1, "content_type": 11, "object_id": "5", "object_repr": "Comment object (5)", "action_flag": 3, "change_message": ""}}, {"model": "admin.logentry", "pk": 55, "fields": {"action_time": "2018-05-16T04:40:42.000Z", "user": 1, "content_type": 11, "object_id": "4", "object_repr": "Comment object (4)", "action_flag": 3, "change_message": ""}}, {"model": "admin.logentry", "pk": 56, "fields": {"action_time": "2018-05-16T04:40:42.002Z", "user": 1, "content_type": 11, "object_id": "3", "object_repr": "Comment object (3)", "action_flag": 3, "change_message": ""}}, {"model": "admin.logentry", "pk": 57, "fields": {"action_time": "2018-05-16T04:40:42.004Z", "user": 1, "content_type": 11, "object_id": "2", "object_repr": "Comment object (2)", "action_flag": 3, "change_message": ""}}, {"model": "admin.logentry", "pk": 58, "fields": {"action_time": "2018-05-16T04:40:42.006Z", "user": 1, "content_type": 11, "object_id": "1", "object_repr": "Comment object (1)", "action_flag": 3, "change_message": ""}}, {"model": "admin.logentry", "pk": 59, "fields": {"action_time": "2018-05-16T22:43:56.315Z", "user": 1, "content_type": 11, "object_id": "48", "object_repr": "thanks", "action_flag": 1, "change_message": "[{\"added\": {}}]"}}, {"model": "admin.logentry", "pk": 60, "fields": {"action_time": "2018-05-17T07:51:36.076Z", "user": 1, "content_type": 11, "object_id": "48", "object_repr": "thanks", "action_flag": 3, "change_message": ""}}, {"model": "admin.logentry", "pk": 61, "fields": {"action_time": "2018-05-17T07:51:36.080Z", "user": 1, "content_type": 11, "object_id": "47", "object_repr": "<p>hi<img alt=\"smiley\" height=\"23\" src=\"http://127.0.0.1:8000/static/ckeditor/ckeditor/plugins/smiley/images/regular_smile.png\" title=\"smiley\" width=\"23\" /></p>", "action_flag": 3, "change_message": ""}}, {"model": "admin.logentry", "pk": 62, "fields": {"action_time": "2018-05-17T07:51:36.086Z", "user": 1, "content_type": 11, "object_id": "46", "object_repr": "<p>22</p>", "action_flag": 3, "change_message": ""}}, {"model": "admin.logentry", "pk": 63, "fields": {"action_time": "2018-05-17T07:51:36.088Z", "user": 1, "content_type": 11, "object_id": "45", "object_repr": "<p><img alt=\"heart\" height=\"23\" src=\"http://127.0.0.1:8000/static/ckeditor/ckeditor/plugins/smiley/images/heart.png\" title=\"heart\" width=\"23\" /></p>", "action_flag": 3, "change_message": ""}}, {"model": "admin.logentry", "pk": 64, "fields": {"action_time": "2018-05-17T07:51:36.093Z", "user": 1, "content_type": 11, "object_id": "44", "object_repr": "<p><img alt=\"yes\" height=\"23\" src=\"http://127.0.0.1:8000/static/ckeditor/ckeditor/plugins/smiley/images/thumbs_up.png\" title=\"yes\" width=\"23\" /></p>", "action_flag": 3, "change_message": ""}}, {"model": "admin.logentry", "pk": 65, "fields": {"action_time": "2018-05-17T07:51:36.095Z", "user": 1, "content_type": 11, "object_id": "43", "object_repr": "<p>\u6d4b\u8bd5</p>", "action_flag": 3, "change_message": ""}}, {"model": "admin.logentry", "pk": 66, "fields": {"action_time": "2018-05-17T07:51:36.098Z", "user": 1, "content_type": 11, "object_id": "42", "object_repr": "<p>\u6d4b\u8bd5</p>", "action_flag": 3, "change_message": ""}}, {"model": "admin.logentry", "pk": 67, "fields": {"action_time": "2018-05-17T07:51:56.733Z", "user": 1, "content_type": 11, "object_id": "62", "object_repr": "<p><img alt=\"frown\" height=\"23\" src=\"http://127.0.0.1:8000/static/ckeditor/ckeditor/plugins/smiley/images/confused_smile.png\" title=\"frown\" width=\"23\" /></p>", "action_flag": 3, "change_message": ""}}, {"model": "admin.logentry", "pk": 68, "fields": {"action_time": "2018-05-17T07:51:56.737Z", "user": 1, "content_type": 11, "object_id": "61", "object_repr": "<p>aaa<span style=\"background-color:#2ecc71\">aaa</span></p>", "action_flag": 3, "change_message": ""}}, {"model": "admin.logentry", "pk": 69, "fields": {"action_time": "2018-05-17T07:51:56.741Z", "user": 1, "content_type": 11, "object_id": "60", "object_repr": "<p><span style=\"background-color:#2ecc71\">aaa<img alt=\"laugh\" height=\"23\" src=\"http://127.0.0.1:8000/static/ckeditor/ckeditor/plugins/smiley/images/teeth_smile.png\" title=\"laugh\" width=\"23\" /></span><", "action_flag": 3, "change_message": ""}}, {"model": "admin.logentry", "pk": 70, "fields": {"action_time": "2018-05-17T07:51:56.750Z", "user": 1, "content_type": 11, "object_id": "59", "object_repr": "<p>&nbsp;&nbsp;<span style=\"background-color:#e74c3c\">hao<img alt=\"laugh\" height=\"23\" src=\"http://127.0.0.1:8000/static/ckeditor/ckeditor/plugins/smiley/images/teeth_smile.png\" title=\"laugh\" width=\"23", "action_flag": 3, "change_message": ""}}, {"model": "admin.logentry", "pk": 71, "fields": {"action_time": "2018-05-17T07:51:56.754Z", "user": 1, "content_type": 11, "object_id": "58", "object_repr": "<p>ceshi</p>", "action_flag": 3, "change_message": ""}}, {"model": "admin.logentry", "pk": 72, "fields": {"action_time": "2018-05-17T07:51:56.758Z", "user": 1, "content_type": 11, "object_id": "57", "object_repr": "<p>jj</p>", "action_flag": 3, "change_message": ""}}, {"model": "admin.logentry", "pk": 73, "fields": {"action_time": "2018-05-17T07:51:56.762Z", "user": 1, "content_type": 11, "object_id": "56", "object_repr": "<p>h</p>", "action_flag": 3, "change_message": ""}}, {"model": "admin.logentry", "pk": 74, "fields": {"action_time": "2018-05-17T07:51:56.765Z", "user": 1, "content_type": 11, "object_id": "55", "object_repr": "<p>hh</p>", "action_flag": 3, "change_message": ""}}, {"model": "admin.logentry", "pk": 75, "fields": {"action_time": "2018-05-17T07:51:56.769Z", "user": 1, "content_type": 11, "object_id": "54", "object_repr": "<p>gg</p>", "action_flag": 3, "change_message": ""}}, {"model": "admin.logentry", "pk": 76, "fields": {"action_time": "2018-05-17T07:51:56.771Z", "user": 1, "content_type": 11, "object_id": "53", "object_repr": "<p>hihi</p>", "action_flag": 3, "change_message": ""}}, {"model": "admin.logentry", "pk": 77, "fields": {"action_time": "2018-05-17T07:51:56.775Z", "user": 1, "content_type": 11, "object_id": "52", "object_repr": "<p>ll</p>", "action_flag": 3, "change_message": ""}}, {"model": "admin.logentry", "pk": 78, "fields": {"action_time": "2018-05-17T07:51:56.780Z", "user": 1, "content_type": 11, "object_id": "51", "object_repr": "<p>\uff1f\uff1f\uff1f</p>", "action_flag": 3, "change_message": ""}}, {"model": "admin.logentry", "pk": 79, "fields": {"action_time": "2018-05-17T07:51:56.782Z", "user": 1, "content_type": 11, "object_id": "50", "object_repr": "<p>dd</p>", "action_flag": 3, "change_message": ""}}, {"model": "admin.logentry", "pk": 80, "fields": {"action_time": "2018-05-17T07:51:56.784Z", "user": 1, "content_type": 11, "object_id": "49", "object_repr": "<p>sss</p>", "action_flag": 3, "change_message": ""}}, {"model": "admin.logentry", "pk": 81, "fields": {"action_time": "2018-05-20T08:18:44.346Z", "user": 1, "content_type": 11, "object_id": "84", "object_repr": "<p>\u6d4b\u8bd52</p>", "action_flag": 3, "change_message": ""}}, {"model": "admin.logentry", "pk": 82, "fields": {"action_time": "2018-05-23T14:35:20.436Z", "user": 1, "content_type": 13, "object_id": "48", "object_repr": "LikeRecord object (48)", "action_flag": 3, "change_message": ""}}, {"model": "admin.logentry", "pk": 83, "fields": {"action_time": "2018-05-23T14:39:18.933Z", "user": 1, "content_type": 13, "object_id": "23", "object_repr": "LikeRecord object (23)", "action_flag": 3, "change_message": ""}}, {"model": "admin.logentry", "pk": 84, "fields": {"action_time": "2018-05-23T14:40:04.800Z", "user": 1, "content_type": 13, "object_id": "72", "object_repr": "LikeRecord object (72)", "action_flag": 3, "change_message": ""}}, {"model": "admin.logentry", "pk": 85, "fields": {"action_time": "2018-05-24T01:02:39.939Z", "user": 1, "content_type": 11, "object_id": "135", "object_repr": "<p><img alt=\"smiley\" height=\"23\" src=\"http://127.0.0.1:8000/static/ckeditor/ckeditor/plugins/smiley/images/regular_smile.png\" title=\"smiley\" width=\"23\" /></p>", "action_flag": 3, "change_message": ""}}, {"model": "admin.logentry", "pk": 86, "fields": {"action_time": "2018-05-24T01:02:39.944Z", "user": 1, "content_type": 11, "object_id": "134", "object_repr": "<p>ceshi</p>", "action_flag": 3, "change_message": ""}}, {"model": "admin.logentry", "pk": 87, "fields": {"action_time": "2018-05-24T01:02:39.947Z", "user": 1, "content_type": 11, "object_id": "133", "object_repr": "<p><img alt=\"yes\" height=\"23\" src=\"http://127.0.0.1:8000/static/ckeditor/ckeditor/plugins/smiley/images/thumbs_up.png\" title=\"yes\" width=\"23\" /></p>", "action_flag": 3, "change_message": ""}}, {"model": "admin.logentry", "pk": 88, "fields": {"action_time": "2018-05-24T01:02:39.950Z", "user": 1, "content_type": 11, "object_id": "132", "object_repr": "<p>\u6d4b\u8bd5<img alt=\"smiley\" height=\"23\" src=\"http://127.0.0.1:8000/static/ckeditor/ckeditor/plugins/smiley/images/regular_smile.png\" title=\"smiley\" width=\"23\" /></p>", "action_flag": 3, "change_message": ""}}, {"model": "admin.logentry", "pk": 89, "fields": {"action_time": "2018-05-24T01:02:39.953Z", "user": 1, "content_type": 11, "object_id": "131", "object_repr": "<p><img alt=\"smiley\" height=\"23\" src=\"http://127.0.0.1:8000/static/ckeditor/ckeditor/plugins/smiley/images/regular_smile.png\" title=\"smiley\" width=\"23\" /></p>", "action_flag": 3, "change_message": ""}}, {"model": "admin.logentry", "pk": 90, "fields": {"action_time": "2018-05-24T01:02:39.955Z", "user": 1, "content_type": 11, "object_id": "130", "object_repr": "<p><img alt=\"yes\" height=\"23\" src=\"http://127.0.0.1:8000/static/ckeditor/ckeditor/plugins/smiley/images/thumbs_up.png\" title=\"yes\" width=\"23\" /></p>", "action_flag": 3, "change_message": ""}}, {"model": "admin.logentry", "pk": 91, "fields": {"action_time": "2018-05-24T01:02:39.957Z", "user": 1, "content_type": 11, "object_id": "129", "object_repr": "<p><img alt=\"smiley\" height=\"23\" src=\"http://127.0.0.1:8000/static/ckeditor/ckeditor/plugins/smiley/images/regular_smile.png\" title=\"smiley\" width=\"23\" /><img alt=\"smiley\" height=\"23\" src=\"http://127.", "action_flag": 3, "change_message": ""}}, {"model": "admin.logentry", "pk": 92, "fields": {"action_time": "2018-05-24T01:02:39.959Z", "user": 1, "content_type": 11, "object_id": "128", "object_repr": "<p><img alt=\"smiley\" height=\"23\" src=\"http://127.0.0.1:8000/static/ckeditor/ckeditor/plugins/smiley/images/regular_smile.png\" title=\"smiley\" width=\"23\" /></p>", "action_flag": 3, "change_message": ""}}, {"model": "admin.logentry", "pk": 93, "fields": {"action_time": "2018-05-24T01:02:39.962Z", "user": 1, "content_type": 11, "object_id": "127", "object_repr": "<p><img alt=\"smiley\" height=\"23\" src=\"http://127.0.0.1:8000/static/ckeditor/ckeditor/plugins/smiley/images/regular_smile.png\" title=\"smiley\" width=\"23\" /></p>", "action_flag": 3, "change_message": ""}}, {"model": "admin.logentry", "pk": 94, "fields": {"action_time": "2018-05-24T01:02:39.964Z", "user": 1, "content_type": 11, "object_id": "126", "object_repr": "<p><img alt=\"yes\" height=\"23\" src=\"http://127.0.0.1:8000/static/ckeditor/ckeditor/plugins/smiley/images/thumbs_up.png\" title=\"yes\" width=\"23\" /></p>", "action_flag": 3, "change_message": ""}}, {"model": "admin.logentry", "pk": 95, "fields": {"action_time": "2018-05-24T01:02:39.966Z", "user": 1, "content_type": 11, "object_id": "125", "object_repr": "<p>\u6d4b\u8bd5</p>", "action_flag": 3, "change_message": ""}}, {"model": "admin.logentry", "pk": 96, "fields": {"action_time": "2018-05-24T01:02:39.969Z", "user": 1, "content_type": 11, "object_id": "124", "object_repr": "<p>\u6d4b\u8bd5</p>", "action_flag": 3, "change_message": ""}}, {"model": "admin.logentry", "pk": 97, "fields": {"action_time": "2018-05-24T01:02:39.971Z", "user": 1, "content_type": 11, "object_id": "123", "object_repr": "<p><img alt=\"cool\" height=\"23\" src=\"http://127.0.0.1:8000/static/ckeditor/ckeditor/plugins/smiley/images/shades_smile.png\" title=\"cool\" width=\"23\" /></p>", "action_flag": 3, "change_message": ""}}, {"model": "admin.logentry", "pk": 98, "fields": {"action_time": "2018-05-24T01:02:39.973Z", "user": 1, "content_type": 11, "object_id": "122", "object_repr": "<p><img alt=\"sad\" height=\"23\" src=\"http://127.0.0.1:8000/static/ckeditor/ckeditor/plugins/smiley/images/sad_smile.png\" title=\"sad\" width=\"23\" /></p>", "action_flag": 3, "change_message": ""}}, {"model": "admin.logentry", "pk": 99, "fields": {"action_time": "2018-05-24T01:02:39.975Z", "user": 1, "content_type": 11, "object_id": "121", "object_repr": "<p><img alt=\"laugh\" height=\"23\" src=\"http://127.0.0.1:8000/static/ckeditor/ckeditor/plugins/smiley/images/teeth_smile.png\" title=\"laugh\" width=\"23\" /></p>", "action_flag": 3, "change_message": ""}}, {"model": "admin.logentry", "pk": 100, "fields": {"action_time": "2018-05-24T01:02:39.977Z", "user": 1, "content_type": 11, "object_id": "120", "object_repr": "<p>\u6d4b\u8bd5</p>", "action_flag": 3, "change_message": ""}}, {"model": "admin.logentry", "pk": 101, "fields": {"action_time": "2018-05-24T01:02:39.979Z", "user": 1, "content_type": 11, "object_id": "119", "object_repr": "<p>\u6d4b\u8bd5</p>", "action_flag": 3, "change_message": ""}}, {"model": "admin.logentry", "pk": 102, "fields": {"action_time": "2018-05-24T01:02:39.982Z", "user": 1, "content_type": 11, "object_id": "118", "object_repr": "<p><img alt=\"surprise\" height=\"23\" src=\"http://127.0.0.1:8000/static/ckeditor/ckeditor/plugins/smiley/images/omg_smile.png\" title=\"surprise\" width=\"23\" /></p>", "action_flag": 3, "change_message": ""}}, {"model": "admin.logentry", "pk": 103, "fields": {"action_time": "2018-05-24T01:02:39.984Z", "user": 1, "content_type": 11, "object_id": "117", "object_repr": "<p><img alt=\"blush\" height=\"23\" src=\"http://127.0.0.1:8000/static/ckeditor/ckeditor/plugins/smiley/images/embarrassed_smile.png\" title=\"blush\" width=\"23\" /></p>", "action_flag": 3, "change_message": ""}}, {"model": "admin.logentry", "pk": 104, "fields": {"action_time": "2018-05-24T01:02:39.986Z", "user": 1, "content_type": 11, "object_id": "116", "object_repr": "<p><img alt=\"yes\" height=\"23\" src=\"http://127.0.0.1:8000/static/ckeditor/ckeditor/plugins/smiley/images/thumbs_up.png\" title=\"yes\" width=\"23\" /></p>", "action_flag": 3, "change_message": ""}}, {"model": "admin.logentry", "pk": 105, "fields": {"action_time": "2018-05-24T01:02:39.989Z", "user": 1, "content_type": 11, "object_id": "115", "object_repr": "<p><img alt=\"laugh\" height=\"23\" src=\"http://127.0.0.1:8000/static/ckeditor/ckeditor/plugins/smiley/images/teeth_smile.png\" title=\"laugh\" width=\"23\" /></p>", "action_flag": 3, "change_message": ""}}, {"model": "admin.logentry", "pk": 106, "fields": {"action_time": "2018-05-24T01:02:39.991Z", "user": 1, "content_type": 11, "object_id": "114", "object_repr": "<p><img alt=\"yes\" height=\"23\" src=\"http://127.0.0.1:8000/static/ckeditor/ckeditor/plugins/smiley/images/thumbs_up.png\" title=\"yes\" width=\"23\" /></p>", "action_flag": 3, "change_message": ""}}, {"model": "admin.logentry", "pk": 107, "fields": {"action_time": "2018-05-24T01:02:39.993Z", "user": 1, "content_type": 11, "object_id": "113", "object_repr": "<p><img alt=\"yes\" height=\"23\" src=\"http://127.0.0.1:8000/static/ckeditor/ckeditor/plugins/smiley/images/thumbs_up.png\" title=\"yes\" width=\"23\" /></p>", "action_flag": 3, "change_message": ""}}, {"model": "admin.logentry", "pk": 108, "fields": {"action_time": "2018-05-24T01:02:39.995Z", "user": 1, "content_type": 11, "object_id": "112", "object_repr": "<p><img alt=\"smiley\" height=\"23\" src=\"http://127.0.0.1:8000/static/ckeditor/ckeditor/plugins/smiley/images/regular_smile.png\" title=\"smiley\" width=\"23\" /></p>", "action_flag": 3, "change_message": ""}}, {"model": "admin.logentry", "pk": 109, "fields": {"action_time": "2018-05-24T01:02:39.997Z", "user": 1, "content_type": 11, "object_id": "111", "object_repr": "<p><img alt=\"heart\" height=\"23\" src=\"http://127.0.0.1:8000/static/ckeditor/ckeditor/plugins/smiley/images/heart.png\" title=\"heart\" width=\"23\" /><img alt=\"heart\" height=\"23\" src=\"http://127.0.0.1:8000/", "action_flag": 3, "change_message": ""}}, {"model": "admin.logentry", "pk": 110, "fields": {"action_time": "2018-05-24T01:02:40.000Z", "user": 1, "content_type": 11, "object_id": "110", "object_repr": "<p><img alt=\"enlightened\" height=\"23\" src=\"http://127.0.0.1:8000/static/ckeditor/ckeditor/plugins/smiley/images/lightbulb.png\" title=\"enlightened\" width=\"23\" /></p>", "action_flag": 3, "change_message": ""}}, {"model": "admin.logentry", "pk": 111, "fields": {"action_time": "2018-05-24T01:02:40.002Z", "user": 1, "content_type": 11, "object_id": "109", "object_repr": "<p><img alt=\"laugh\" height=\"23\" src=\"http://127.0.0.1:8000/static/ckeditor/ckeditor/plugins/smiley/images/teeth_smile.png\" title=\"laugh\" width=\"23\" /></p>", "action_flag": 3, "change_message": ""}}, {"model": "admin.logentry", "pk": 112, "fields": {"action_time": "2018-05-24T01:02:40.004Z", "user": 1, "content_type": 11, "object_id": "108", "object_repr": "<p><img alt=\"wink\" height=\"23\" src=\"http://127.0.0.1:8000/static/ckeditor/ckeditor/plugins/smiley/images/wink_smile.png\" title=\"wink\" width=\"23\" /></p>", "action_flag": 3, "change_message": ""}}, {"model": "admin.logentry", "pk": 113, "fields": {"action_time": "2018-05-24T01:02:40.007Z", "user": 1, "content_type": 11, "object_id": "107", "object_repr": "<p><img alt=\"wink\" height=\"23\" src=\"http://127.0.0.1:8000/static/ckeditor/ckeditor/plugins/smiley/images/wink_smile.png\" title=\"wink\" width=\"23\" /></p>", "action_flag": 3, "change_message": ""}}, {"model": "admin.logentry", "pk": 114, "fields": {"action_time": "2018-05-24T01:02:40.009Z", "user": 1, "content_type": 11, "object_id": "106", "object_repr": "<p><img alt=\"sad\" height=\"23\" src=\"http://127.0.0.1:8000/static/ckeditor/ckeditor/plugins/smiley/images/sad_smile.png\" title=\"sad\" width=\"23\" /></p>", "action_flag": 3, "change_message": ""}}, {"model": "admin.logentry", "pk": 115, "fields": {"action_time": "2018-05-24T01:02:40.011Z", "user": 1, "content_type": 11, "object_id": "105", "object_repr": "<p><img alt=\"frown\" height=\"23\" src=\"http://127.0.0.1:8000/static/ckeditor/ckeditor/plugins/smiley/images/confused_smile.png\" title=\"frown\" width=\"23\" /></p>", "action_flag": 3, "change_message": ""}}, {"model": "admin.logentry", "pk": 116, "fields": {"action_time": "2018-05-24T01:02:40.013Z", "user": 1, "content_type": 11, "object_id": "104", "object_repr": "<p><img alt=\"wink\" height=\"23\" src=\"http://127.0.0.1:8000/static/ckeditor/ckeditor/plugins/smiley/images/wink_smile.png\" title=\"wink\" width=\"23\" /></p>", "action_flag": 3, "change_message": ""}}, {"model": "admin.logentry", "pk": 117, "fields": {"action_time": "2018-05-24T01:02:40.016Z", "user": 1, "content_type": 11, "object_id": "103", "object_repr": "<p><img alt=\"cool\" height=\"23\" src=\"http://127.0.0.1:8000/static/ckeditor/ckeditor/plugins/smiley/images/shades_smile.png\" title=\"cool\" width=\"23\" /></p>", "action_flag": 3, "change_message": ""}}, {"model": "admin.logentry", "pk": 118, "fields": {"action_time": "2018-05-24T01:02:40.018Z", "user": 1, "content_type": 11, "object_id": "102", "object_repr": "<p><img alt=\"laugh\" height=\"23\" src=\"http://127.0.0.1:8000/static/ckeditor/ckeditor/plugins/smiley/images/teeth_smile.png\" title=\"laugh\" width=\"23\" /></p>", "action_flag": 3, "change_message": ""}}, {"model": "admin.logentry", "pk": 119, "fields": {"action_time": "2018-05-24T01:02:40.020Z", "user": 1, "content_type": 11, "object_id": "101", "object_repr": "<p><img alt=\"yes\" height=\"23\" src=\"http://127.0.0.1:8000/static/ckeditor/ckeditor/plugins/smiley/images/thumbs_up.png\" title=\"yes\" width=\"23\" /></p>", "action_flag": 3, "change_message": ""}}, {"model": "admin.logentry", "pk": 120, "fields": {"action_time": "2018-05-24T01:02:40.023Z", "user": 1, "content_type": 11, "object_id": "100", "object_repr": "<p><img alt=\"devil\" height=\"23\" src=\"http://127.0.0.1:8000/static/ckeditor/ckeditor/plugins/smiley/images/devil_smile.png\" title=\"devil\" width=\"23\" /></p>", "action_flag": 3, "change_message": ""}}, {"model": "admin.logentry", "pk": 121, "fields": {"action_time": "2018-05-24T01:02:40.025Z", "user": 1, "content_type": 11, "object_id": "98", "object_repr": "<p><img alt=\"wink\" height=\"23\" src=\"http://127.0.0.1:8000/static/ckeditor/ckeditor/plugins/smiley/images/wink_smile.png\" title=\"wink\" width=\"23\" /></p>", "action_flag": 3, "change_message": ""}}, {"model": "admin.logentry", "pk": 122, "fields": {"action_time": "2018-05-24T01:02:40.027Z", "user": 1, "content_type": 11, "object_id": "94", "object_repr": "<p><img alt=\"laugh\" height=\"23\" src=\"http://127.0.0.1:8000/static/ckeditor/ckeditor/plugins/smiley/images/teeth_smile.png\" title=\"laugh\" width=\"23\" /></p>", "action_flag": 3, "change_message": ""}}, {"model": "admin.logentry", "pk": 123, "fields": {"action_time": "2018-05-24T01:02:40.029Z", "user": 1, "content_type": 11, "object_id": "93", "object_repr": "<p>\u6d4b\u8bd5</p>", "action_flag": 3, "change_message": ""}}, {"model": "admin.logentry", "pk": 124, "fields": {"action_time": "2018-05-24T01:02:40.031Z", "user": 1, "content_type": 11, "object_id": "92", "object_repr": "<p>\u6d4b\u8bd5\u8bc4\u8bba\u8ba1\u6570</p>", "action_flag": 3, "change_message": ""}}, {"model": "admin.logentry", "pk": 125, "fields": {"action_time": "2018-05-24T01:02:40.033Z", "user": 1, "content_type": 11, "object_id": "90", "object_repr": "<p><img alt=\"blush\" height=\"23\" src=\"http://127.0.0.1:8000/static/ckeditor/ckeditor/plugins/smiley/images/embarrassed_smile.png\" title=\"blush\" width=\"23\" /><img alt=\"surprise\" height=\"23\" src=\"http://", "action_flag": 3, "change_message": ""}}, {"model": "admin.logentry", "pk": 126, "fields": {"action_time": "2018-05-24T01:02:40.036Z", "user": 1, "content_type": 11, "object_id": "89", "object_repr": "<p><img alt=\"blush\" height=\"23\" src=\"http://127.0.0.1:8000/static/ckeditor/ckeditor/plugins/smiley/images/embarrassed_smile.png\" title=\"blush\" width=\"23\" /></p>", "action_flag": 3, "change_message": ""}}, {"model": "admin.logentry", "pk": 127, "fields": {"action_time": "2018-05-24T01:02:40.038Z", "user": 1, "content_type": 11, "object_id": "83", "object_repr": "<p>\u518d\u56de\u590d<img alt=\"frown\" height=\"23\" src=\"http://127.0.0.1:8000/static/ckeditor/ckeditor/plugins/smiley/images/confused_smile.png\" title=\"frown\" width=\"23\" /></p>", "action_flag": 3, "change_message": ""}}, {"model": "admin.logentry", "pk": 128, "fields": {"action_time": "2018-05-24T01:02:40.040Z", "user": 1, "content_type": 11, "object_id": "82", "object_repr": "<p>\u56de\u590d\u6d4b\u8bd51</p>", "action_flag": 3, "change_message": ""}}, {"model": "admin.logentry", "pk": 129, "fields": {"action_time": "2018-05-24T01:02:40.042Z", "user": 1, "content_type": 11, "object_id": "81", "object_repr": "<p>\u6d4b\u8bd51</p>", "action_flag": 3, "change_message": ""}}, {"model": "admin.logentry", "pk": 130, "fields": {"action_time": "2018-05-24T01:02:40.044Z", "user": 1, "content_type": 11, "object_id": "80", "object_repr": "<p><img alt=\"wink\" height=\"23\" src=\"http://127.0.0.1:8000/static/ckeditor/ckeditor/plugins/smiley/images/wink_smile.png\" title=\"wink\" width=\"23\" /></p>", "action_flag": 3, "change_message": ""}}, {"model": "admin.logentry", "pk": 131, "fields": {"action_time": "2018-05-24T01:02:40.046Z", "user": 1, "content_type": 11, "object_id": "79", "object_repr": "<p>haha</p>", "action_flag": 3, "change_message": ""}}, {"model": "admin.logentry", "pk": 132, "fields": {"action_time": "2018-05-24T01:02:40.049Z", "user": 1, "content_type": 11, "object_id": "78", "object_repr": "<p><img alt=\"frown\" height=\"23\" src=\"http://127.0.0.1:8000/static/ckeditor/ckeditor/plugins/smiley/images/confused_smile.png\" title=\"frown\" width=\"23\" /></p>", "action_flag": 3, "change_message": ""}}, {"model": "admin.logentry", "pk": 133, "fields": {"action_time": "2018-05-24T01:02:40.051Z", "user": 1, "content_type": 11, "object_id": "77", "object_repr": "<p>\u6d4b\u8bd5</p>", "action_flag": 3, "change_message": ""}}, {"model": "admin.logentry", "pk": 134, "fields": {"action_time": "2018-05-24T01:02:40.053Z", "user": 1, "content_type": 11, "object_id": "76", "object_repr": "<p>ss</p>", "action_flag": 3, "change_message": ""}}, {"model": "admin.logentry", "pk": 135, "fields": {"action_time": "2018-05-24T01:02:40.055Z", "user": 1, "content_type": 11, "object_id": "75", "object_repr": "<p>\u6d4b\u8bd5</p>", "action_flag": 3, "change_message": ""}}, {"model": "admin.logentry", "pk": 136, "fields": {"action_time": "2018-05-24T01:02:40.058Z", "user": 1, "content_type": 11, "object_id": "74", "object_repr": "<p>\u600e\u4e48\u56de\u4e8b</p>", "action_flag": 3, "change_message": ""}}, {"model": "admin.logentry", "pk": 137, "fields": {"action_time": "2018-05-24T01:02:40.060Z", "user": 1, "content_type": 11, "object_id": "73", "object_repr": "<p>\u65b9\u6cd5\u6709\u95ee\u9898\uff1f</p>", "action_flag": 3, "change_message": ""}}, {"model": "admin.logentry", "pk": 138, "fields": {"action_time": "2018-05-24T01:02:40.062Z", "user": 1, "content_type": 11, "object_id": "72", "object_repr": "<p>\u6d4b\u8bd5<img alt=\"devil\" height=\"23\" src=\"http://127.0.0.1:8000/static/ckeditor/ckeditor/plugins/smiley/images/devil_smile.png\" title=\"devil\" width=\"23\" /></p>", "action_flag": 3, "change_message": ""}}, {"model": "admin.logentry", "pk": 139, "fields": {"action_time": "2018-05-24T01:02:40.064Z", "user": 1, "content_type": 11, "object_id": "71", "object_repr": "<p>\u6d4b\u8bd5</p>", "action_flag": 3, "change_message": ""}}, {"model": "admin.logentry", "pk": 140, "fields": {"action_time": "2018-05-24T01:02:40.066Z", "user": 1, "content_type": 11, "object_id": "70", "object_repr": "<p><img alt=\"wink\" height=\"23\" src=\"http://127.0.0.1:8000/static/ckeditor/ckeditor/plugins/smiley/images/wink_smile.png\" title=\"wink\" width=\"23\" /></p>", "action_flag": 3, "change_message": ""}}, {"model": "admin.logentry", "pk": 141, "fields": {"action_time": "2018-05-24T01:02:40.069Z", "user": 1, "content_type": 11, "object_id": "69", "object_repr": "<p>\u6d4b\u8bd5</p>", "action_flag": 3, "change_message": ""}}, {"model": "admin.logentry", "pk": 142, "fields": {"action_time": "2018-05-24T01:02:40.071Z", "user": 1, "content_type": 11, "object_id": "68", "object_repr": "<p>hi</p>", "action_flag": 3, "change_message": ""}}, {"model": "admin.logentry", "pk": 143, "fields": {"action_time": "2018-05-24T01:02:40.073Z", "user": 1, "content_type": 11, "object_id": "67", "object_repr": "<p>\u6d4b\u8bd5</p>", "action_flag": 3, "change_message": ""}}, {"model": "admin.logentry", "pk": 144, "fields": {"action_time": "2018-05-24T01:02:40.075Z", "user": 1, "content_type": 11, "object_id": "66", "object_repr": "<p><img alt=\"cheeky\" height=\"23\" src=\"http://127.0.0.1:8000/static/ckeditor/ckeditor/plugins/smiley/images/tongue_smile.png\" title=\"cheeky\" width=\"23\" /></p>", "action_flag": 3, "change_message": ""}}, {"model": "admin.logentry", "pk": 145, "fields": {"action_time": "2018-05-24T01:02:40.078Z", "user": 1, "content_type": 11, "object_id": "65", "object_repr": "<p><img alt=\"frown\" height=\"23\" src=\"http://127.0.0.1:8000/static/ckeditor/ckeditor/plugins/smiley/images/confused_smile.png\" title=\"frown\" width=\"23\" /></p>", "action_flag": 3, "change_message": ""}}, {"model": "admin.logentry", "pk": 146, "fields": {"action_time": "2018-05-24T01:02:40.080Z", "user": 1, "content_type": 11, "object_id": "64", "object_repr": "<p>hi<img alt=\"cheeky\" height=\"23\" src=\"http://127.0.0.1:8000/static/ckeditor/ckeditor/plugins/smiley/images/tongue_smile.png\" title=\"cheeky\" width=\"23\" /></p>", "action_flag": 3, "change_message": ""}}, {"model": "admin.logentry", "pk": 147, "fields": {"action_time": "2018-05-24T01:02:40.082Z", "user": 1, "content_type": 11, "object_id": "63", "object_repr": "<p><span style=\"background-color:#27ae60\">\u6d4b\u8bd5<img alt=\"smiley\" height=\"23\" src=\"http://127.0.0.1:8000/static/ckeditor/ckeditor/plugins/smiley/images/regular_smile.png\" title=\"smiley\" width=\"23\" /></spa", "action_flag": 3, "change_message": ""}}, {"model": "admin.logentry", "pk": 148, "fields": {"action_time": "2018-05-24T01:03:02.047Z", "user": 1, "content_type": 12, "object_id": "97", "object_repr": "LikeCount object (97)", "action_flag": 3, "change_message": ""}}, {"model": "admin.logentry", "pk": 149, "fields": {"action_time": "2018-05-24T01:03:02.051Z", "user": 1, "content_type": 12, "object_id": "96", "object_repr": "LikeCount object (96)", "action_flag": 3, "change_message": ""}}, {"model": "admin.logentry", "pk": 150, "fields": {"action_time": "2018-05-24T01:03:02.054Z", "user": 1, "content_type": 12, "object_id": "95", "object_repr": "LikeCount object (95)", "action_flag": 3, "change_message": ""}}, {"model": "admin.logentry", "pk": 151, "fields": {"action_time": "2018-05-24T01:03:02.056Z", "user": 1, "content_type": 12, "object_id": "94", "object_repr": "LikeCount object (94)", "action_flag": 3, "change_message": ""}}, {"model": "admin.logentry", "pk": 152, "fields": {"action_time": "2018-05-24T01:03:02.058Z", "user": 1, "content_type": 12, "object_id": "93", "object_repr": "LikeCount object (93)", "action_flag": 3, "change_message": ""}}, {"model": "admin.logentry", "pk": 153, "fields": {"action_time": "2018-05-24T01:03:02.060Z", "user": 1, "content_type": 12, "object_id": "92", "object_repr": "LikeCount object (92)", "action_flag": 3, "change_message": ""}}, {"model": "admin.logentry", "pk": 154, "fields": {"action_time": "2018-05-24T01:03:02.063Z", "user": 1, "content_type": 12, "object_id": "91", "object_repr": "LikeCount object (91)", "action_flag": 3, "change_message": ""}}, {"model": "admin.logentry", "pk": 155, "fields": {"action_time": "2018-05-24T01:03:02.065Z", "user": 1, "content_type": 12, "object_id": "90", "object_repr": "LikeCount object (90)", "action_flag": 3, "change_message": ""}}, {"model": "admin.logentry", "pk": 156, "fields": {"action_time": "2018-05-24T01:03:02.067Z", "user": 1, "content_type": 12, "object_id": "89", "object_repr": "LikeCount object (89)", "action_flag": 3, "change_message": ""}}, {"model": "admin.logentry", "pk": 157, "fields": {"action_time": "2018-05-24T01:03:02.070Z", "user": 1, "content_type": 12, "object_id": "88", "object_repr": "LikeCount object (88)", "action_flag": 3, "change_message": ""}}, {"model": "admin.logentry", "pk": 158, "fields": {"action_time": "2018-05-24T01:03:02.072Z", "user": 1, "content_type": 12, "object_id": "87", "object_repr": "LikeCount object (87)", "action_flag": 3, "change_message": ""}}, {"model": "admin.logentry", "pk": 159, "fields": {"action_time": "2018-05-24T01:03:02.074Z", "user": 1, "content_type": 12, "object_id": "86", "object_repr": "LikeCount object (86)", "action_flag": 3, "change_message": ""}}, {"model": "admin.logentry", "pk": 160, "fields": {"action_time": "2018-05-24T01:03:02.076Z", "user": 1, "content_type": 12, "object_id": "85", "object_repr": "LikeCount object (85)", "action_flag": 3, "change_message": ""}}, {"model": "admin.logentry", "pk": 161, "fields": {"action_time": "2018-05-24T01:03:02.078Z", "user": 1, "content_type": 12, "object_id": "84", "object_repr": "LikeCount object (84)", "action_flag": 3, "change_message": ""}}, {"model": "admin.logentry", "pk": 162, "fields": {"action_time": "2018-05-24T01:03:02.081Z", "user": 1, "content_type": 12, "object_id": "83", "object_repr": "LikeCount object (83)", "action_flag": 3, "change_message": ""}}, {"model": "admin.logentry", "pk": 163, "fields": {"action_time": "2018-05-24T01:03:02.083Z", "user": 1, "content_type": 12, "object_id": "82", "object_repr": "LikeCount object (82)", "action_flag": 3, "change_message": ""}}, {"model": "admin.logentry", "pk": 164, "fields": {"action_time": "2018-05-24T01:03:02.086Z", "user": 1, "content_type": 12, "object_id": "81", "object_repr": "LikeCount object (81)", "action_flag": 3, "change_message": ""}}, {"model": "admin.logentry", "pk": 165, "fields": {"action_time": "2018-05-24T01:03:02.088Z", "user": 1, "content_type": 12, "object_id": "80", "object_repr": "LikeCount object (80)", "action_flag": 3, "change_message": ""}}, {"model": "admin.logentry", "pk": 166, "fields": {"action_time": "2018-05-24T01:03:02.090Z", "user": 1, "content_type": 12, "object_id": "79", "object_repr": "LikeCount object (79)", "action_flag": 3, "change_message": ""}}, {"model": "admin.logentry", "pk": 167, "fields": {"action_time": "2018-05-24T01:03:02.092Z", "user": 1, "content_type": 12, "object_id": "78", "object_repr": "LikeCount object (78)", "action_flag": 3, "change_message": ""}}, {"model": "admin.logentry", "pk": 168, "fields": {"action_time": "2018-05-24T01:03:02.094Z", "user": 1, "content_type": 12, "object_id": "77", "object_repr": "LikeCount object (77)", "action_flag": 3, "change_message": ""}}, {"model": "admin.logentry", "pk": 169, "fields": {"action_time": "2018-05-24T01:03:02.096Z", "user": 1, "content_type": 12, "object_id": "76", "object_repr": "LikeCount object (76)", "action_flag": 3, "change_message": ""}}, {"model": "admin.logentry", "pk": 170, "fields": {"action_time": "2018-05-24T01:03:02.099Z", "user": 1, "content_type": 12, "object_id": "75", "object_repr": "LikeCount object (75)", "action_flag": 3, "change_message": ""}}, {"model": "admin.logentry", "pk": 171, "fields": {"action_time": "2018-05-24T01:03:02.101Z", "user": 1, "content_type": 12, "object_id": "74", "object_repr": "LikeCount object (74)", "action_flag": 3, "change_message": ""}}, {"model": "admin.logentry", "pk": 172, "fields": {"action_time": "2018-05-24T01:03:02.103Z", "user": 1, "content_type": 12, "object_id": "73", "object_repr": "LikeCount object (73)", "action_flag": 3, "change_message": ""}}, {"model": "admin.logentry", "pk": 173, "fields": {"action_time": "2018-05-24T01:03:02.105Z", "user": 1, "content_type": 12, "object_id": "72", "object_repr": "LikeCount object (72)", "action_flag": 3, "change_message": ""}}, {"model": "admin.logentry", "pk": 174, "fields": {"action_time": "2018-05-24T01:03:02.108Z", "user": 1, "content_type": 12, "object_id": "71", "object_repr": "LikeCount object (71)", "action_flag": 3, "change_message": ""}}, {"model": "admin.logentry", "pk": 175, "fields": {"action_time": "2018-05-24T01:03:02.110Z", "user": 1, "content_type": 12, "object_id": "70", "object_repr": "LikeCount object (70)", "action_flag": 3, "change_message": ""}}, {"model": "admin.logentry", "pk": 176, "fields": {"action_time": "2018-05-24T01:03:02.112Z", "user": 1, "content_type": 12, "object_id": "69", "object_repr": "LikeCount object (69)", "action_flag": 3, "change_message": ""}}, {"model": "admin.logentry", "pk": 177, "fields": {"action_time": "2018-05-24T01:03:02.114Z", "user": 1, "content_type": 12, "object_id": "68", "object_repr": "LikeCount object (68)", "action_flag": 3, "change_message": ""}}, {"model": "admin.logentry", "pk": 178, "fields": {"action_time": "2018-05-24T01:03:02.116Z", "user": 1, "content_type": 12, "object_id": "67", "object_repr": "LikeCount object (67)", "action_flag": 3, "change_message": ""}}, {"model": "admin.logentry", "pk": 179, "fields": {"action_time": "2018-05-24T01:03:02.119Z", "user": 1, "content_type": 12, "object_id": "66", "object_repr": "LikeCount object (66)", "action_flag": 3, "change_message": ""}}, {"model": "admin.logentry", "pk": 180, "fields": {"action_time": "2018-05-24T01:03:02.121Z", "user": 1, "content_type": 12, "object_id": "65", "object_repr": "LikeCount object (65)", "action_flag": 3, "change_message": ""}}, {"model": "admin.logentry", "pk": 181, "fields": {"action_time": "2018-05-24T01:03:02.123Z", "user": 1, "content_type": 12, "object_id": "64", "object_repr": "LikeCount object (64)", "action_flag": 3, "change_message": ""}}, {"model": "admin.logentry", "pk": 182, "fields": {"action_time": "2018-05-24T01:03:02.125Z", "user": 1, "content_type": 12, "object_id": "63", "object_repr": "LikeCount object (63)", "action_flag": 3, "change_message": ""}}, {"model": "admin.logentry", "pk": 183, "fields": {"action_time": "2018-05-24T01:03:02.127Z", "user": 1, "content_type": 12, "object_id": "62", "object_repr": "LikeCount object (62)", "action_flag": 3, "change_message": ""}}, {"model": "admin.logentry", "pk": 184, "fields": {"action_time": "2018-05-24T01:03:02.129Z", "user": 1, "content_type": 12, "object_id": "61", "object_repr": "LikeCount object (61)", "action_flag": 3, "change_message": ""}}, {"model": "admin.logentry", "pk": 185, "fields": {"action_time": "2018-05-24T01:03:02.132Z", "user": 1, "content_type": 12, "object_id": "60", "object_repr": "LikeCount object (60)", "action_flag": 3, "change_message": ""}}, {"model": "admin.logentry", "pk": 186, "fields": {"action_time": "2018-05-24T01:03:02.134Z", "user": 1, "content_type": 12, "object_id": "59", "object_repr": "LikeCount object (59)", "action_flag": 3, "change_message": ""}}, {"model": "admin.logentry", "pk": 187, "fields": {"action_time": "2018-05-24T01:03:02.136Z", "user": 1, "content_type": 12, "object_id": "58", "object_repr": "LikeCount object (58)", "action_flag": 3, "change_message": ""}}, {"model": "admin.logentry", "pk": 188, "fields": {"action_time": "2018-05-24T01:03:02.138Z", "user": 1, "content_type": 12, "object_id": "57", "object_repr": "LikeCount object (57)", "action_flag": 3, "change_message": ""}}, {"model": "admin.logentry", "pk": 189, "fields": {"action_time": "2018-05-24T01:03:02.140Z", "user": 1, "content_type": 12, "object_id": "56", "object_repr": "LikeCount object (56)", "action_flag": 3, "change_message": ""}}, {"model": "admin.logentry", "pk": 190, "fields": {"action_time": "2018-05-24T01:03:02.143Z", "user": 1, "content_type": 12, "object_id": "55", "object_repr": "LikeCount object (55)", "action_flag": 3, "change_message": ""}}, {"model": "admin.logentry", "pk": 191, "fields": {"action_time": "2018-05-24T01:03:02.145Z", "user": 1, "content_type": 12, "object_id": "54", "object_repr": "LikeCount object (54)", "action_flag": 3, "change_message": ""}}, {"model": "admin.logentry", "pk": 192, "fields": {"action_time": "2018-05-24T01:03:02.147Z", "user": 1, "content_type": 12, "object_id": "53", "object_repr": "LikeCount object (53)", "action_flag": 3, "change_message": ""}}, {"model": "admin.logentry", "pk": 193, "fields": {"action_time": "2018-05-24T01:03:02.150Z", "user": 1, "content_type": 12, "object_id": "52", "object_repr": "LikeCount object (52)", "action_flag": 3, "change_message": ""}}, {"model": "admin.logentry", "pk": 194, "fields": {"action_time": "2018-05-24T01:03:02.152Z", "user": 1, "content_type": 12, "object_id": "51", "object_repr": "LikeCount object (51)", "action_flag": 3, "change_message": ""}}, {"model": "admin.logentry", "pk": 195, "fields": {"action_time": "2018-05-24T01:03:02.154Z", "user": 1, "content_type": 12, "object_id": "50", "object_repr": "LikeCount object (50)", "action_flag": 3, "change_message": ""}}, {"model": "admin.logentry", "pk": 196, "fields": {"action_time": "2018-05-24T01:03:02.156Z", "user": 1, "content_type": 12, "object_id": "49", "object_repr": "LikeCount object (49)", "action_flag": 3, "change_message": ""}}, {"model": "admin.logentry", "pk": 197, "fields": {"action_time": "2018-05-24T01:03:02.159Z", "user": 1, "content_type": 12, "object_id": "48", "object_repr": "LikeCount object (48)", "action_flag": 3, "change_message": ""}}, {"model": "admin.logentry", "pk": 198, "fields": {"action_time": "2018-05-24T01:03:02.161Z", "user": 1, "content_type": 12, "object_id": "47", "object_repr": "LikeCount object (47)", "action_flag": 3, "change_message": ""}}, {"model": "admin.logentry", "pk": 199, "fields": {"action_time": "2018-05-24T01:03:02.163Z", "user": 1, "content_type": 12, "object_id": "46", "object_repr": "LikeCount object (46)", "action_flag": 3, "change_message": ""}}, {"model": "admin.logentry", "pk": 200, "fields": {"action_time": "2018-05-24T01:03:02.165Z", "user": 1, "content_type": 12, "object_id": "45", "object_repr": "LikeCount object (45)", "action_flag": 3, "change_message": ""}}, {"model": "admin.logentry", "pk": 201, "fields": {"action_time": "2018-05-24T01:03:02.167Z", "user": 1, "content_type": 12, "object_id": "44", "object_repr": "LikeCount object (44)", "action_flag": 3, "change_message": ""}}, {"model": "admin.logentry", "pk": 202, "fields": {"action_time": "2018-05-24T01:03:02.169Z", "user": 1, "content_type": 12, "object_id": "43", "object_repr": "LikeCount object (43)", "action_flag": 3, "change_message": ""}}, {"model": "admin.logentry", "pk": 203, "fields": {"action_time": "2018-05-24T01:03:02.172Z", "user": 1, "content_type": 12, "object_id": "42", "object_repr": "LikeCount object (42)", "action_flag": 3, "change_message": ""}}, {"model": "admin.logentry", "pk": 204, "fields": {"action_time": "2018-05-24T01:03:02.174Z", "user": 1, "content_type": 12, "object_id": "41", "object_repr": "LikeCount object (41)", "action_flag": 3, "change_message": ""}}, {"model": "admin.logentry", "pk": 205, "fields": {"action_time": "2018-05-24T01:03:02.176Z", "user": 1, "content_type": 12, "object_id": "40", "object_repr": "LikeCount object (40)", "action_flag": 3, "change_message": ""}}, {"model": "admin.logentry", "pk": 206, "fields": {"action_time": "2018-05-24T01:03:02.178Z", "user": 1, "content_type": 12, "object_id": "39", "object_repr": "LikeCount object (39)", "action_flag": 3, "change_message": ""}}, {"model": "admin.logentry", "pk": 207, "fields": {"action_time": "2018-05-24T01:03:02.180Z", "user": 1, "content_type": 12, "object_id": "38", "object_repr": "LikeCount object (38)", "action_flag": 3, "change_message": ""}}, {"model": "admin.logentry", "pk": 208, "fields": {"action_time": "2018-05-24T01:03:02.183Z", "user": 1, "content_type": 12, "object_id": "37", "object_repr": "LikeCount object (37)", "action_flag": 3, "change_message": ""}}, {"model": "admin.logentry", "pk": 209, "fields": {"action_time": "2018-05-24T01:03:02.186Z", "user": 1, "content_type": 12, "object_id": "36", "object_repr": "LikeCount object (36)", "action_flag": 3, "change_message": ""}}, {"model": "admin.logentry", "pk": 210, "fields": {"action_time": "2018-05-24T01:03:02.188Z", "user": 1, "content_type": 12, "object_id": "35", "object_repr": "LikeCount object (35)", "action_flag": 3, "change_message": ""}}, {"model": "admin.logentry", "pk": 211, "fields": {"action_time": "2018-05-24T01:03:02.190Z", "user": 1, "content_type": 12, "object_id": "34", "object_repr": "LikeCount object (34)", "action_flag": 3, "change_message": ""}}, {"model": "admin.logentry", "pk": 212, "fields": {"action_time": "2018-05-24T01:03:02.192Z", "user": 1, "content_type": 12, "object_id": "33", "object_repr": "LikeCount object (33)", "action_flag": 3, "change_message": ""}}, {"model": "admin.logentry", "pk": 213, "fields": {"action_time": "2018-05-24T01:03:02.195Z", "user": 1, "content_type": 12, "object_id": "32", "object_repr": "LikeCount object (32)", "action_flag": 3, "change_message": ""}}, {"model": "admin.logentry", "pk": 214, "fields": {"action_time": "2018-05-24T01:03:02.197Z", "user": 1, "content_type": 12, "object_id": "31", "object_repr": "LikeCount object (31)", "action_flag": 3, "change_message": ""}}, {"model": "admin.logentry", "pk": 215, "fields": {"action_time": "2018-05-24T01:03:02.199Z", "user": 1, "content_type": 12, "object_id": "30", "object_repr": "LikeCount object (30)", "action_flag": 3, "change_message": ""}}, {"model": "admin.logentry", "pk": 216, "fields": {"action_time": "2018-05-24T01:03:02.202Z", "user": 1, "content_type": 12, "object_id": "29", "object_repr": "LikeCount object (29)", "action_flag": 3, "change_message": ""}}, {"model": "admin.logentry", "pk": 217, "fields": {"action_time": "2018-05-24T01:03:02.204Z", "user": 1, "content_type": 12, "object_id": "28", "object_repr": "LikeCount object (28)", "action_flag": 3, "change_message": ""}}, {"model": "admin.logentry", "pk": 218, "fields": {"action_time": "2018-05-24T01:03:02.206Z", "user": 1, "content_type": 12, "object_id": "27", "object_repr": "LikeCount object (27)", "action_flag": 3, "change_message": ""}}, {"model": "admin.logentry", "pk": 219, "fields": {"action_time": "2018-05-24T01:03:02.209Z", "user": 1, "content_type": 12, "object_id": "26", "object_repr": "LikeCount object (26)", "action_flag": 3, "change_message": ""}}, {"model": "admin.logentry", "pk": 220, "fields": {"action_time": "2018-05-24T01:03:02.211Z", "user": 1, "content_type": 12, "object_id": "25", "object_repr": "LikeCount object (25)", "action_flag": 3, "change_message": ""}}, {"model": "admin.logentry", "pk": 221, "fields": {"action_time": "2018-05-24T01:03:02.213Z", "user": 1, "content_type": 12, "object_id": "24", "object_repr": "LikeCount object (24)", "action_flag": 3, "change_message": ""}}, {"model": "admin.logentry", "pk": 222, "fields": {"action_time": "2018-05-24T01:03:02.215Z", "user": 1, "content_type": 12, "object_id": "23", "object_repr": "LikeCount object (23)", "action_flag": 3, "change_message": ""}}, {"model": "admin.logentry", "pk": 223, "fields": {"action_time": "2018-05-24T01:03:02.217Z", "user": 1, "content_type": 12, "object_id": "22", "object_repr": "LikeCount object (22)", "action_flag": 3, "change_message": ""}}, {"model": "admin.logentry", "pk": 224, "fields": {"action_time": "2018-05-24T01:03:02.220Z", "user": 1, "content_type": 12, "object_id": "21", "object_repr": "LikeCount object (21)", "action_flag": 3, "change_message": ""}}, {"model": "admin.logentry", "pk": 225, "fields": {"action_time": "2018-05-24T01:03:02.222Z", "user": 1, "content_type": 12, "object_id": "20", "object_repr": "LikeCount object (20)", "action_flag": 3, "change_message": ""}}, {"model": "admin.logentry", "pk": 226, "fields": {"action_time": "2018-05-24T01:03:02.224Z", "user": 1, "content_type": 12, "object_id": "19", "object_repr": "LikeCount object (19)", "action_flag": 3, "change_message": ""}}, {"model": "admin.logentry", "pk": 227, "fields": {"action_time": "2018-05-24T01:03:02.226Z", "user": 1, "content_type": 12, "object_id": "18", "object_repr": "LikeCount object (18)", "action_flag": 3, "change_message": ""}}, {"model": "admin.logentry", "pk": 228, "fields": {"action_time": "2018-05-24T01:03:02.228Z", "user": 1, "content_type": 12, "object_id": "17", "object_repr": "LikeCount object (17)", "action_flag": 3, "change_message": ""}}, {"model": "admin.logentry", "pk": 229, "fields": {"action_time": "2018-05-24T01:03:02.230Z", "user": 1, "content_type": 12, "object_id": "16", "object_repr": "LikeCount object (16)", "action_flag": 3, "change_message": ""}}, {"model": "admin.logentry", "pk": 230, "fields": {"action_time": "2018-05-24T01:03:02.232Z", "user": 1, "content_type": 12, "object_id": "15", "object_repr": "LikeCount object (15)", "action_flag": 3, "change_message": ""}}, {"model": "admin.logentry", "pk": 231, "fields": {"action_time": "2018-05-24T01:03:02.235Z", "user": 1, "content_type": 12, "object_id": "14", "object_repr": "LikeCount object (14)", "action_flag": 3, "change_message": ""}}, {"model": "admin.logentry", "pk": 232, "fields": {"action_time": "2018-05-24T01:03:02.237Z", "user": 1, "content_type": 12, "object_id": "13", "object_repr": "LikeCount object (13)", "action_flag": 3, "change_message": ""}}, {"model": "admin.logentry", "pk": 233, "fields": {"action_time": "2018-05-24T01:03:02.239Z", "user": 1, "content_type": 12, "object_id": "12", "object_repr": "LikeCount object (12)", "action_flag": 3, "change_message": ""}}, {"model": "admin.logentry", "pk": 234, "fields": {"action_time": "2018-05-24T01:03:02.241Z", "user": 1, "content_type": 12, "object_id": "11", "object_repr": "LikeCount object (11)", "action_flag": 3, "change_message": ""}}, {"model": "admin.logentry", "pk": 235, "fields": {"action_time": "2018-05-24T01:03:02.243Z", "user": 1, "content_type": 12, "object_id": "10", "object_repr": "LikeCount object (10)", "action_flag": 3, "change_message": ""}}, {"model": "admin.logentry", "pk": 236, "fields": {"action_time": "2018-05-24T01:03:02.245Z", "user": 1, "content_type": 12, "object_id": "9", "object_repr": "LikeCount object (9)", "action_flag": 3, "change_message": ""}}, {"model": "admin.logentry", "pk": 237, "fields": {"action_time": "2018-05-24T01:03:02.247Z", "user": 1, "content_type": 12, "object_id": "8", "object_repr": "LikeCount object (8)", "action_flag": 3, "change_message": ""}}, {"model": "admin.logentry", "pk": 238, "fields": {"action_time": "2018-05-24T01:03:02.250Z", "user": 1, "content_type": 12, "object_id": "7", "object_repr": "LikeCount object (7)", "action_flag": 3, "change_message": ""}}, {"model": "admin.logentry", "pk": 239, "fields": {"action_time": "2018-05-24T01:03:02.252Z", "user": 1, "content_type": 12, "object_id": "6", "object_repr": "LikeCount object (6)", "action_flag": 3, "change_message": ""}}, {"model": "admin.logentry", "pk": 240, "fields": {"action_time": "2018-05-24T01:03:02.254Z", "user": 1, "content_type": 12, "object_id": "5", "object_repr": "LikeCount object (5)", "action_flag": 3, "change_message": ""}}, {"model": "admin.logentry", "pk": 241, "fields": {"action_time": "2018-05-24T01:03:02.256Z", "user": 1, "content_type": 12, "object_id": "4", "object_repr": "LikeCount object (4)", "action_flag": 3, "change_message": ""}}, {"model": "admin.logentry", "pk": 242, "fields": {"action_time": "2018-05-24T01:03:02.259Z", "user": 1, "content_type": 12, "object_id": "3", "object_repr": "LikeCount object (3)", "action_flag": 3, "change_message": ""}}, {"model": "admin.logentry", "pk": 243, "fields": {"action_time": "2018-05-24T01:03:02.261Z", "user": 1, "content_type": 12, "object_id": "2", "object_repr": "LikeCount object (2)", "action_flag": 3, "change_message": ""}}, {"model": "admin.logentry", "pk": 244, "fields": {"action_time": "2018-05-24T01:03:02.263Z", "user": 1, "content_type": 12, "object_id": "1", "object_repr": "LikeCount object (1)", "action_flag": 3, "change_message": ""}}, {"model": "admin.logentry", "pk": 245, "fields": {"action_time": "2018-05-24T01:03:18.607Z", "user": 1, "content_type": 13, "object_id": "91", "object_repr": "LikeRecord object (91)", "action_flag": 3, "change_message": ""}}, {"model": "admin.logentry", "pk": 246, "fields": {"action_time": "2018-05-24T01:03:18.611Z", "user": 1, "content_type": 13, "object_id": "79", "object_repr": "LikeRecord object (79)", "action_flag": 3, "change_message": ""}}, {"model": "admin.logentry", "pk": 247, "fields": {"action_time": "2018-05-24T01:03:18.613Z", "user": 1, "content_type": 13, "object_id": "78", "object_repr": "LikeRecord object (78)", "action_flag": 3, "change_message": ""}}, {"model": "admin.logentry", "pk": 248, "fields": {"action_time": "2018-05-24T01:03:18.615Z", "user": 1, "content_type": 13, "object_id": "75", "object_repr": "LikeRecord object (75)", "action_flag": 3, "change_message": ""}}, {"model": "admin.logentry", "pk": 249, "fields": {"action_time": "2018-05-24T01:03:18.618Z", "user": 1, "content_type": 13, "object_id": "74", "object_repr": "LikeRecord object (74)", "action_flag": 3, "change_message": ""}}, {"model": "admin.logentry", "pk": 250, "fields": {"action_time": "2018-05-24T01:03:18.620Z", "user": 1, "content_type": 13, "object_id": "62", "object_repr": "LikeRecord object (62)", "action_flag": 3, "change_message": ""}}, {"model": "admin.logentry", "pk": 251, "fields": {"action_time": "2018-05-24T01:03:18.623Z", "user": 1, "content_type": 13, "object_id": "61", "object_repr": "LikeRecord object (61)", "action_flag": 3, "change_message": ""}}, {"model": "admin.logentry", "pk": 252, "fields": {"action_time": "2018-05-24T01:03:18.625Z", "user": 1, "content_type": 13, "object_id": "60", "object_repr": "LikeRecord object (60)", "action_flag": 3, "change_message": ""}}, {"model": "admin.logentry", "pk": 253, "fields": {"action_time": "2018-05-24T01:03:18.627Z", "user": 1, "content_type": 13, "object_id": "59", "object_repr": "LikeRecord object (59)", "action_flag": 3, "change_message": ""}}, {"model": "admin.logentry", "pk": 254, "fields": {"action_time": "2018-05-24T01:03:18.629Z", "user": 1, "content_type": 13, "object_id": "55", "object_repr": "LikeRecord object (55)", "action_flag": 3, "change_message": ""}}, {"model": "admin.logentry", "pk": 255, "fields": {"action_time": "2018-05-24T01:03:18.631Z", "user": 1, "content_type": 13, "object_id": "52", "object_repr": "LikeRecord object (52)", "action_flag": 3, "change_message": ""}}, {"model": "admin.logentry", "pk": 256, "fields": {"action_time": "2018-05-24T01:03:18.634Z", "user": 1, "content_type": 13, "object_id": "49", "object_repr": "LikeRecord object (49)", "action_flag": 3, "change_message": ""}}, {"model": "admin.logentry", "pk": 257, "fields": {"action_time": "2018-05-24T01:03:18.636Z", "user": 1, "content_type": 13, "object_id": "47", "object_repr": "LikeRecord object (47)", "action_flag": 3, "change_message": ""}}, {"model": "admin.logentry", "pk": 258, "fields": {"action_time": "2018-05-24T01:03:18.638Z", "user": 1, "content_type": 13, "object_id": "46", "object_repr": "LikeRecord object (46)", "action_flag": 3, "change_message": ""}}, {"model": "admin.logentry", "pk": 259, "fields": {"action_time": "2018-05-24T01:03:18.640Z", "user": 1, "content_type": 13, "object_id": "38", "object_repr": "LikeRecord object (38)", "action_flag": 3, "change_message": ""}}, {"model": "admin.logentry", "pk": 260, "fields": {"action_time": "2018-05-24T01:03:18.643Z", "user": 1, "content_type": 13, "object_id": "37", "object_repr": "LikeRecord object (37)", "action_flag": 3, "change_message": ""}}, {"model": "admin.logentry", "pk": 261, "fields": {"action_time": "2018-05-24T01:03:18.645Z", "user": 1, "content_type": 13, "object_id": "36", "object_repr": "LikeRecord object (36)", "action_flag": 3, "change_message": ""}}, {"model": "admin.logentry", "pk": 262, "fields": {"action_time": "2018-05-24T01:03:18.647Z", "user": 1, "content_type": 13, "object_id": "35", "object_repr": "LikeRecord object (35)", "action_flag": 3, "change_message": ""}}, {"model": "admin.logentry", "pk": 263, "fields": {"action_time": "2018-05-24T01:03:18.649Z", "user": 1, "content_type": 13, "object_id": "22", "object_repr": "LikeRecord object (22)", "action_flag": 3, "change_message": ""}}, {"model": "admin.logentry", "pk": 264, "fields": {"action_time": "2018-05-27T15:45:09.669Z", "user": 1, "content_type": 7, "object_id": "35", "object_repr": "<Blog: \u6d4b\u8bd5>", "action_flag": 1, "change_message": "[{\"added\": {}}]"}}, {"model": "admin.logentry", "pk": 265, "fields": {"action_time": "2018-05-27T15:48:27.972Z", "user": 1, "content_type": 7, "object_id": "35", "object_repr": "<Blog: \u6d4b\u8bd5>", "action_flag": 2, "change_message": "[{\"changed\": {\"fields\": [\"content\"]}}]"}}, {"model": "admin.logentry", "pk": 266, "fields": {"action_time": "2018-05-27T15:57:16.007Z", "user": 1, "content_type": 7, "object_id": "35", "object_repr": "<Blog: \u6d4b\u8bd5>", "action_flag": 3, "change_message": ""}}, {"model": "admin.logentry", "pk": 267, "fields": {"action_time": "2018-05-27T15:57:44.757Z", "user": 1, "content_type": 7, "object_id": "34", "object_repr": "<Blog: \u65bd\u5de5\u4e2d>", "action_flag": 3, "change_message": ""}}, {"model": "admin.logentry", "pk": 268, "fields": {"action_time": "2018-05-27T15:58:26.556Z", "user": 1, "content_type": 11, "object_id": "151", "object_repr": "<p><img alt=\"sad\" height=\"23\" src=\"http://127.0.0.1:8000/static/ckeditor/ckeditor/plugins/smiley/images/sad_smile.png\" title=\"sad\" width=\"23\" /></p>", "action_flag": 3, "change_message": ""}}, {"model": "admin.logentry", "pk": 269, "fields": {"action_time": "2018-05-27T15:58:26.560Z", "user": 1, "content_type": 11, "object_id": "146", "object_repr": "<p><img alt=\"smiley\" height=\"23\" src=\"http://127.0.0.1:8000/static/ckeditor/ckeditor/plugins/smiley/images/regular_smile.png\" title=\"smiley\" width=\"23\" /></p>", "action_flag": 3, "change_message": ""}}, {"model": "admin.logentry", "pk": 270, "fields": {"action_time": "2018-05-27T15:58:26.562Z", "user": 1, "content_type": 11, "object_id": "145", "object_repr": "<p>\u6d4b\u8bd5</p>", "action_flag": 3, "change_message": ""}}, {"model": "admin.logentry", "pk": 271, "fields": {"action_time": "2018-05-27T15:58:26.564Z", "user": 1, "content_type": 11, "object_id": "144", "object_repr": "<p><img alt=\"yes\" height=\"23\" src=\"http://127.0.0.1:8000/static/ckeditor/ckeditor/plugins/smiley/images/thumbs_up.png\" title=\"yes\" width=\"23\" /></p>", "action_flag": 3, "change_message": ""}}, {"model": "admin.logentry", "pk": 272, "fields": {"action_time": "2018-05-27T15:58:26.566Z", "user": 1, "content_type": 11, "object_id": "143", "object_repr": "<p><img alt=\"smiley\" height=\"23\" src=\"http://127.0.0.1:8000/static/ckeditor/ckeditor/plugins/smiley/images/regular_smile.png\" title=\"smiley\" width=\"23\" /></p>", "action_flag": 3, "change_message": ""}}, {"model": "admin.logentry", "pk": 273, "fields": {"action_time": "2018-05-29T07:45:08.941Z", "user": 1, "content_type": 4, "object_id": "3", "object_repr": "customerx", "action_flag": 3, "change_message": ""}}, {"model": "admin.logentry", "pk": 274, "fields": {"action_time": "2018-05-29T07:45:08.944Z", "user": 1, "content_type": 4, "object_id": "4", "object_repr": "customerxx", "action_flag": 3, "change_message": ""}}, {"model": "admin.logentry", "pk": 275, "fields": {"action_time": "2018-05-29T07:45:08.946Z", "user": 1, "content_type": 4, "object_id": "5", "object_repr": "xxx", "action_flag": 3, "change_message": ""}}, {"model": "admin.logentry", "pk": 276, "fields": {"action_time": "2018-05-29T07:49:13.844Z", "user": 1, "content_type": 4, "object_id": "1", "object_repr": "xqm", "action_flag": 2, "change_message": "[{\"changed\": {\"fields\": [\"last_login\"]}}, {\"added\": {\"name\": \"profile\", \"object\": \"<Profile: \\u7ad9\\u957f for xqm>\"}}]"}}, {"model": "admin.logentry", "pk": 277, "fields": {"action_time": "2018-05-29T07:59:09.781Z", "user": 1, "content_type": 7, "object_id": "36", "object_repr": "<Blog: \u65bd\u5de5\u4e2d>", "action_flag": 1, "change_message": "[{\"added\": {}}]"}}, {"model": "admin.logentry", "pk": 278, "fields": {"action_time": "2018-05-29T07:59:46.436Z", "user": 1, "content_type": 4, "object_id": "2", "object_repr": "customer", "action_flag": 2, "change_message": "[{\"changed\": {\"fields\": [\"last_login\"]}}, {\"added\": {\"name\": \"profile\", \"object\": \"<Profile: \\u6d4b\\u8bd5\\u7528\\u6237 for customer>\"}}]"}}, {"model": "admin.logentry", "pk": 279, "fields": {"action_time": "2018-05-31T03:17:28.367Z", "user": 1, "content_type": 4, "object_id": "2", "object_repr": "customer", "action_flag": 2, "change_message": "[{\"changed\": {\"fields\": [\"email\", \"last_login\"]}}]"}}, {"model": "admin.logentry", "pk": 280, "fields": {"action_time": "2018-06-01T02:41:32.229Z", "user": 1, "content_type": 4, "object_id": "2", "object_repr": "customer", "action_flag": 2, "change_message": "[{\"changed\": {\"fields\": [\"email\", \"last_login\"]}}]"}}, {"model": "admin.logentry", "pk": 281, "fields": {"action_time": "2018-07-23T02:06:55.984Z", "user": 1, "content_type": 4, "object_id": "2", "object_repr": "customer", "action_flag": 2, "change_message": "[{\"changed\": {\"fields\": [\"email\", \"last_login\"]}}]"}}, {"model": "admin.logentry", "pk": 282, "fields": {"action_time": "2018-07-24T06:54:38.698Z", "user": 1, "content_type": 4, "object_id": "2", "object_repr": "customer", "action_flag": 2, "change_message": "[{\"changed\": {\"fields\": [\"email\", \"last_login\"]}}]"}}, {"model": "admin.logentry", "pk": 283, "fields": {"action_time": "2018-07-26T05:44:37.502Z", "user": 1, "content_type": 4, "object_id": "7", "object_repr": "winner", "action_flag": 2, "change_message": "[{\"changed\": {\"fields\": [\"email\", \"last_login\"]}}]"}}, {"model": "admin.logentry", "pk": 284, "fields": {"action_time": "2018-07-26T08:07:18.124Z", "user": 1, "content_type": 4, "object_id": "2", "object_repr": "customer", "action_flag": 2, "change_message": "[{\"changed\": {\"fields\": [\"email\", \"last_login\"]}}]"}}, {"model": "admin.logentry", "pk": 285, "fields": {"action_time": "2018-07-26T08:07:29.971Z", "user": 1, "content_type": 4, "object_id": "1", "object_repr": "xqm", "action_flag": 2, "change_message": "[{\"changed\": {\"fields\": [\"email\", \"last_login\"]}}]"}}, {"model": "admin.logentry", "pk": 286, "fields": {"action_time": "2018-07-26T08:08:36.486Z", "user": 1, "content_type": 4, "object_id": "2", "object_repr": "customer", "action_flag": 2, "change_message": "[{\"changed\": {\"fields\": [\"email\"]}}]"}}]